;Gain Of Function;;;High frequency hearing loss;Short stature; microcephaly; hearing loss;  ID;Developmental delay (Global); Motor Delay;Speech delay; seizures; trigonocephaly; coloboma; hypertelorism; high arched eyebrows;Hypertrichosis; congenital ptosis;Epicanthus;Telecanthus; pachygyria;Other brain MRI abnormalities (i.e. brain atrophy, corpus callosum agenesis, hydrocephalus, white matter leasions, periventricular nodular heterotopias).;Long eyelashes;Deeply set eyes;Broad/wide nasal bridge/ tip;Bulbous nose;Failure to thrive;Feeding Difficulties;Prominent eyes/proptosis;Down slanting eyebrows;Mid face hypoplasia;Low set ears;Dysplastic ears;Small ears with overfolded helices/prominent helix;Long philtrum;Smooth philtrum;Thin lips;Pointed/small chin;Pterygium colli/webbed neck;Retrognatia/micrognathia;Kypho/scoliotic posture;Joint laxity;Clinodactyly;Tapering digits;�Hernia;High palate;Cleft lip;Cleft palate;Transverse right palmar crease/deep oakmar creases;Pectus excavatum/pectus deformity;Radial abnormalities (fingers/toes);Hypotonia;Dystonia;Frontal bossing;Scaphocephaly;Bitemporal narrowing;Prominence of metopic suture/ridge;Large anterior fontanelle;High anterior hairline;Low anterior hairline;Low posterior hairline;Sparse eyebrows;Flaired and straight eyebrows;Synophris;Upslanting/long palpebral fissures;Heart defects (Other then ASD, VSD or PDA);ASD;VSD;Cardiomegaly;Persistent Embryonic Sructures;Large squared nose tip;upturned nose;Prominent nasal root on profile;Thin upper lip;Large/wide mouth;tented upper lip with downturned corners;Thick/prominent/everted lower lip;Prominent cheeks;Autism Spectrum disorder;ADHD/ADD;Other Psychiatric diagnosis (shizofrenia, depression, other, not autism, or ADHD/ADD);Behavioral abnormalities (tantrums, auto mutulation);Horseshoe kidney;Renal Cysts;Other Renal abnormality;Cryptorchidism;Recurrent infections;Photosensitivity;Polyarthralgia;Hepatomegaly;Hypothyroidism;Leukocytose;Trombocytopenie;Asthma;Strabismus;Growth hormone deficiency;;;
;1;61456;p.Arg196Cys;;0;NA;0;0;NA;NA;NA;1;1;0;1;1;0;1;0;0;1;0;0;0;0;0;NA;NA;0;0;0;0;0;0;0;0;0;0;0;0;0;NA;0;0;NA;0;0;0;0;0;0;NA;NA;0;0;0;0;0;0;0;0;0;0;0;0;NA;NA;NA;NA;NA;0;0;0;0;0;0;0;0;NA;NA;NA;NA;NA;NA;NA;NA;NA;NA;NA;NA;NA;NA;NA;NA;NA;NA;;;
;2;58248;p.Arg196His;;0;0;0;1;1;NA;NA;0;0;1;0;1;0;1;0;0;NA;1;0;0;0;0;NA;NA;0;0;0;0;0;0;1;0;0;0;1;0;1;NA;0;0;NA;0;0;0;0;0;0;NA;NA;0;0;0;0;0;0;0;0;0;0;0;0;NA;NA;NA;NA;NA;1;0;0;0;0;1;0;0;NA;NA;NA;NA;NA;NA;NA;NA;NA;NA;NA;NA;NA;NA;NA;NA;NA;NA;;;
;3;59169;p.Arg196His;;1;1;0;1;NA;NA;NA;1;0;0;1;1;0;1;0;0;1;0;0;0;0;0;NA;NA;0;0;0;0;0;0;0;0;0;0;0;0;0;NA;0;0;NA;0;0;0;0;0;0;NA;NA;0;0;0;0;0;0;0;0;0;0;0;0;NA;NA;NA;NA;NA;0;0;0;0;0;0;0;0;NA;NA;NA;NA;NA;NA;NA;NA;NA;NA;NA;NA;NA;NA;NA;NA;NA;NA;;;
;4;LR04-173;p.Arg196His;;1;1;1;1;NA;NA;NA;1;1;1;1;1;0;1;0;0;1;0;0;0;0;0;NA;NA;0;0;0;0;0;0;0;0;0;0;0;0;0;NA;0;0;NA;0;0;0;0;0;0;NA;NA;0;0;0;0;0;0;0;0;0;0;0;0;NA;NA;NA;NA;NA;0;0;0;0;0;0;0;0;NA;NA;NA;NA;NA;NA;NA;NA;NA;NA;NA;NA;NA;NA;NA;NA;NA;NA;;;
;5;LR09-079;p.Arg196His;;1;1;0;1;NA;NA;NA;1;1;1;1;1;0;1;0;0;1;0;0;0;0;0;NA;NA;0;0;0;0;0;0;0;0;0;0;0;0;0;NA;0;0;NA;0;0;0;0;0;0;NA;NA;0;0;0;0;0;0;0;0;0;0;0;0;NA;NA;NA;NA;NA;0;0;0;0;0;0;0;0;NA;NA;NA;NA;NA;NA;NA;NA;NA;NA;NA;NA;NA;NA;NA;NA;NA;NA;;;
;6;LR06-298;p.Arg196His;;1;0;1;1;NA;NA;NA;1;1;1;1;1;0;1;0;0;1;0;0;0;0;0;NA;NA;0;0;0;0;0;0;0;0;0;0;0;0;0;NA;0;0;NA;0;0;0;0;0;0;NA;NA;0;0;0;0;0;0;0;0;0;0;0;0;NA;NA;NA;NA;NA;0;0;0;0;0;0;0;0;NA;NA;NA;NA;NA;NA;NA;NA;NA;NA;NA;NA;NA;NA;NA;NA;NA;NA;;;
;7;11-11287;p.Arg196His;;0;0;0;1;NA;NA;NA;1;1;0;1;1;0;1;0;0;1;0;0;0;0;0;NA;NA;0;0;0;0;0;0;0;0;0;0;0;0;0;NA;0;0;NA;0;0;0;0;0;0;NA;NA;0;0;0;0;0;0;0;0;0;0;0;0;NA;NA;NA;NA;NA;0;0;0;0;0;0;0;0;NA;NA;NA;NA;NA;NA;NA;NA;NA;NA;NA;NA;NA;NA;NA;NA;NA;NA;;;
;8;11-10211;p.Arg196His;;0;0;1;1;NA;NA;NA;1;1;0;1;1;0;1;0;0;NA;0;0;0;0;0;NA;NA;0;0;0;0;0;0;0;0;0;0;0;0;0;NA;0;0;NA;0;0;0;0;0;0;NA;NA;0;0;0;0;0;0;0;0;0;0;0;0;NA;NA;NA;NA;NA;0;0;0;0;0;0;0;0;NA;NA;NA;NA;NA;NA;NA;NA;NA;NA;NA;NA;NA;NA;NA;NA;NA;NA;;;
;9;ID4778;Duplication 7p22.1-p22.3 ;;0;NA;NA;NA;1;1;1;NA;0;0;0;0;0;0;0;0;NA;NA;0;0;0;1;NA;NA;0;0;0;0;0;0;0;1;0;0;0;0;NA;NA;0;0;0;1;0;0;0;0;0;NA;NA;0;0;0;0;0;0;0;0;0;0;0;0;NA;NA;NA;NA;NA;0;0;0;0;1;0;0;0;NA;NA;NA;NA;NA;NA;NA;NA;NA;NA;NA;NA;NA;NA;NA;NA;NA;NA;;;
;;;Total;;4;3;3;7;2;1;1;7;6;4;7;8;0;8;0;0;6;1;0;0;0;1;0;0;0;0;0;0;0;0;1;1;0;0;1;0;1;0;0;0;0;1;0;0;0;0;0;0;0;0;0;0;0;0;0;0;0;0;0;0;0;0;0;0;0;0;1;0;0;0;1;1;0;0;0;0;0;0;0;0;0;0;0;0;0;0;0;0;0;0;0;0;;;
;;;Percentage;;0,444444444;0,333333333;0,333333333;0,777777778;0,222222222;0,111111111;0,111111111;0,777777778;0,666666667;0,444444444;0,777777778;0,888888889;0;0,888888889;0;0;0,666666667;0,111111111;0;0;0;0,111111111;0;0;0;0;0;0;0;0;0,111111111;0,111111111;0;0;0,111111111;0;0,111111111;0;0;0;0;0,111111111;0;0;0;0;0;0;0;0;0;0;0;0;0;0;0;0;0;0;0;0;0;0;0;0;0,111111111;0;0;0;0,111111111;0,111111111;0;0;0;0;0;0;0;0;0;0;0;0;0;0;0;0;0;0;0;0;;;
;Other;;;;;;;;;;;;;;;;;;;;;;;;;;;;;;;;;;;;;;;;;;;;;;;;;;;;;;;;;;;;;;;;;;;;;;;;;;;;;;;;;;;;;;;;;;;;;;;;;;
;1;LP90-050;p.Leu65Val;;1;1;NA;1;NA;NA;NA;NA;1;1;1;1;0;1;0;0;1;0;0;0;0;0;NA;NA;0;0;0;0;0;0;NA;NA;NA;NA;0;0;0;NA;0;0;NA;0;0;0;0;0;0;NA;NA;0;0;0;0;0;0;0;0;0;0;0;0;NA;NA;NA;NA;NA;0;0;0;0;0;0;0;0;NA;NA;NA;NA;NA;NA;NA;NA;NA;NA;NA;NA;NA;NA;NA;NA;NA;NA;;;
;3;B23/ B29;p.Gly74Ser;;1;1;0;1;NA;NA;1;1;1;1;1;1;NA;1;NA;NA;1;0;NA;NA;NA;NA;NA;NA;NA;NA;NA;NA;NA;NA;NA;NA;NA;NA;NA;NA;NA;NA;NA;NA;NA;NA;1;1;NA;NA;NA;NA;NA;NA;NA;NA;NA;NA;NA;NA;NA;NA;NA;NA;NA;NA;NA;1;NA;1;NA;NA;NA;NA;NA;NA;NA;NA;NA;NA;NA;NA;NA;NA;NA;NA;NA;NA;NA;NA;NA;NA;NA;NA;NA;NA;;;
;6;B31;p.Glu117Lys;;1;1;1;1;1;1;1;0;0;0;1;0;1;1;NA;NA;0;0;1;1;1;NA;1;0;0;0;0;0;0;0;0;0;0;0;0;0;NA;NA;1;0;NA;0;0;0;0;0;0;NA;NA;0;0;0;1;0;0;1;0;0;0;0;1;1;0;0;0;0;0;1;0;0;1;0;0;0;NA;NA;NA;NA;0;0;0;0;NA;NA;NA;NA;NA;NA;NA;NA;NA;NA;;;
;8;B22/B32;p.Thr120Ile;;0;NA;0;NA;NA;NA;NA;NA;0;1;1;1;0;1;NA;NA;1;1;0;0;1;0;NA;NA;1;0;0;1;1;0;0;0;0;0;1;1;NA;NA;0;0;NA;1;0;0;0;0;0;NA;NA;0;0;0;0;0;0;0;1;0;0;0;0;NA;NA;NA;NA;NA;0;0;0;0;1;1;0;0;NA;NA;NA;NA;NA;NA;NA;NA;NA;NA;NA;NA;NA;NA;NA;NA;NA;NA;;;
;9;Patient S1;p.Pro70Ala;;1;0;NA;1;1;1;1;NA;0;0;1;0;0;1;1;0;0;1;0;0;1;0;NA;NA;0;0;0;0;0;1;0;1;0;0;0;0;NA;NA;0;0;NA;0;0;0;1;0;0;NA;NA;0;0;0;0;0;0;0;0;0;0;0;0;0;0;0;0;0;0;0;0;1;0;0;0;0;NA;NA;NA;NA;0;0;0;1;NA;NA;NA;NA;NA;NA;NA;NA;NA;NA;;;
;11;Patient R;p.Gln59Arg;;;;;;;;;;;;;;;;;;;;;;;;;;;;;;;;;;;;;;;;;;;;;;;;;;;;;;;;;;;;;;;;;;;;;;;;;;;;;;;;;;;;;;;;;;;;;;;;
decreased actin polymerisation;12;Patient P;p.Arg183Trp;;NA;NA;1;NA;1;NA;1;NA;NA;NA;1;NA;NA;NA;NA;NA;NA;NA;NA;NA;NA;NA;NA;NA;NA;NA;NA;NA;NA;NA;NA;NA;NA;NA;NA;NA;NA;NA;NA;NA;NA;NA;1;1;NA;NA;NA;NA;1;NA;NA;NA;NA;NA;NA;NA;NA;NA;NA;NA;NA;NA;NA;NA;NA;NA;NA;NA;NA;NA;NA;NA;NA;NA;NA;NA;NA;NA;NA;NA;NA;NA;NA;NA;NA;NA;NA;NA;NA;NA;NA;NA;;;
decreased actin polymerisation;13;Patient 1C;p.Arg183Trp;;0;NA;1;1;1;1;1;NA;0;0;0;0;0;0;0;0;NA;NA;0;0;0;0;NA;NA;0;0;0;0;0;0;0;0;0;0;0;0;0;NA;0;0;NA;0;0;0;0;0;0;NA;1;0;0;0;0;0;0;0;0;0;0;0;0;NA;NA;NA;NA;NA;0;0;0;0;0;0;0;0;NA;NA;NA;NA;NA;NA;NA;NA;NA;NA;NA;NA;NA;NA;NA;NA;NA;NA;;;
;;P1;p.Met313Arg;;0;1;0;NA;1;NA;NA;0;0;0;0;0;0;0;1;0;NA;NA;1;1;1;0;NA;NA;0;0;0;0;0;0;0;0;0;1;0;0;0;NA;0;0;NA;1;1;0;0;0;0;NA;NA;0;0;0;0;0;0;0;0;0;1;0;0;NA;NA;NA;NA;1;0;0;0;0;0;0;0;0;NA;NA;NA;NA;NA;NA;NA;NA;NA;NA;NA;NA;NA;1;1;NA;NA;NA;;;
;;P2 (father of P1);p.Met313Arg;;0;0;0;0;0;0;0;0;0;0;0;0;0;0;0;0;NA;NA;0;0;1;0;NA;NA;0;0;0;0;0;0;0;0;0;0;0;0;0;NA;0;0;NA;0;0;0;0;0;0;NA;NA;0;0;0;0;0;0;0;0;0;1;1;0;NA;NA;NA;NA;NA;0;0;0;0;0;0;0;0;NA;NA;NA;NA;NA;NA;NA;NA;NA;NA;NA;NA;NA;NA;1;NA;NA;NA;;;
;;P6;p.Ser368Leu_fs*13;;1;1;0;NA;1;1;1;0;0;0;0;0;0;0;1;0;0;1;NA;NA;1;0;NA;NA;0;0;0;0;0;1;0;0;1;0;0;0;0;NA;0;0;NA;0;0;0;0;0;0;NA;NA;0;0;0;0;0;0;0;0;0;1;1;0;0;0;0;0;0;0;0;0;0;0;0;0;0;NA;NA;NA;NA;NA;NA;NA;NA;NA;NA;NA;NA;NA;NA;1;NA;1;NA;;;
;;Total;;;5;5;3;5;6;4;6;1;2;3;6;3;1;5;3;0;3;3;2;2;6;0;1;0;1;0;0;1;1;2;0;1;1;1;1;1;0;0;1;0;0;2;3;2;0;0;0;0;2;0;0;0;1;0;0;1;1;0;3;2;1;1;0;1;0;2;0;1;0;1;2;1;0;0;0;0;0;0;0;0;0;1;0;0;0;0;0;1;3;0;1;0;;;
;;Percentage;;;0,5;0,5;0,3;0,5;0,6;0,4;0,6;0,1;0,2;0,3;0,6;0,3;0,1;0,5;0,3;0;0,3;0,3;0,2;0,2;0,6;0;0,1;0;0,1;0;0;0,1;0,1;0,2;0;0,1;0,1;0,1;0,1;0,1;0;0;0,1;0;0;0,2;0,3;0,2;0;0;0;0;0,2;0;0;0;0,1;0;0;0,1;0,1;0;0,3;0,2;0,1;0,1;0;0,1;0;0,2;0;0,1;0;0,1;0,2;0,1;0;0;0;0;0;0;0;0;0;0,1;0;0;0;0;0;0,1;0,3;0;0,1;0;;;
;N-terminus;;;;;;;;;;;;;;;;;;;;;;;;;;;;;;;;;;;;;;;;;;;;;;;;;;;;;;;;;;;;;;;;;;;;;;;;;;;;;;;;;;;;;;;;;;;;;;;;;;
;;Patient B11;p.Asn12His;;NA;NA;NA;NA;NA;NA;NA;NA;NA;1;1;1;0;0;NA;NA;NA;NA;0;NA;NA;NA;NA;NA;0;0;0;0;0;NA;1;0;1;0;NA;NA;NA;NA;NA;NA;NA;NA;NA;NA;NA;NA;NA;NA;NA;0;0;0;0;NA;1;NA;NA;0;NA;NA;NA;NA;NA;NA;NA;NA;0;1;0;1;0;NA;1;0;NA;NA;NA;NA;NA;NA;NA;NA;NA;NA;NA;NA;NA;NA;NA;NA;NA;NA;;;
;;LP98-085;p.Asn12Asp;;1;0;1;1;NA;NA;NA;1;1;1;1;0;0;1;NA;NA;1;1;0;NA;NA;NA;NA;NA;0;0;0;1;0;NA;0;0;0;1;NA;NA;NA;NA;NA;NA;NA;NA;NA;NA;NA;NA;NA;NA;NA;1;0;0;1;NA;1;NA;NA;0;NA;NA;NA;NA;NA;NA;NA;NA;0;1;1;1;1;NA;1;0;NA;NA;NA;NA;NA;NA;NA;NA;NA;NA;NA;NA;NA;NA;NA;NA;NA;NA;;;
;;Total;;;1;0;1;1;0;0;0;1;1;2;2;1;0;1;0;0;1;1;0;0;0;0;0;0;0;0;0;1;0;0;1;0;1;1;0;0;0;0;0;0;0;0;0;0;0;0;0;0;0;1;0;0;1;0;2;0;0;0;0;0;0;0;0;0;0;0;0;2;1;2;1;0;2;0;0;0;0;0;0;0;0;0;0;0;0;0;0;0;0;0;0;0;;;
;;Percentage;;;0,5;0;0,5;0,5;0;0;0;0,5;0,5;1;1;0,5;0;0,5;0;0;0,5;0,5;0;0;0;0;0;0;0;0;0;0,5;0;0;0,5;0;0,5;0,5;0;0;0;0;0;0;0;0;0;0;0;0;0;0;0;0,5;0;0;0,5;0;1;0;0;0;0;0;0;0;0;0;0;0;0;1;0,5;1;0,5;0;1;0;0;0;0;0;0;0;0;0;0;0;0;0;0;0;0;0;0;0;;;
;Actin binding site;;;;;;;;;;;;;;;;;;;;;;;;;;;;;;;;;;;;;;;;;;;;;;;;;;;;;;;;;;;;;;;;;;;;;;;;;;;;;;;;;;;;;;;;;;;;;;;;;;
NM-2 and ?-actinin/filamin;;P3;p.Ala331Val_fs*27 --> ;;0;1;0;NA;1;NA;1;0;0;0;0;0;0;0;0;0;NA;NA;0;0;0;0;NA;NA;0;0;0;0;0;0;0;0;0;0;0;0;0;NA;0;0;NA;0;0;0;0;0;0;NA;NA;0;0;0;0;0;0;0;0;0;1;0;1;0;0;0;0;0;1;0;0;1;0;0;0;0;NA;NA;NA;NA;NA;NA;NA;NA;NA;NA;NA;NA;NA;NA;1;NA;NA;NA;;;
NM-2 and ?-actinin/filamin;;P4 (mother P3);p.(Ala331Val_fs*27);;0;1;0;NA;NA;NA;NA;0;0;0;0;0;0;0;0;1;NA;NA;0;1;0;1;NA;NA;0;0;0;0;0;0;0;0;0;0;0;0;0;NA;0;0;NA;0;0;0;0;0;0;NA;NA;0;0;0;0;0;0;0;0;0;1;1;1;0;0;0;0;0;0;0;0;1;1;0;0;0;NA;NA;NA;NA;NA;NA;NA;NA;NA;NA;NA;NA;NA;NA;1;NA;NA;NA;;;
NM-2 and ?-actinin/filamin;;P5;p.(Ser338_Ile341del);;0;1;0;NA;1;NA;1;0;0;0;0;0;0;0;1;1;NA;NA;0;0;1;0;NA;NA;0;0;0;0;0;0;0;0;0;0;0;0;0;NA;0;0;NA;0;0;0;0;0;0;NA;NA;0;0;0;0;0;0;0;0;0;1;0;0;0;0;0;0;0;0;0;0;1;0;0;0;0;NA;NA;NA;NA;NA;NA;NA;NA;0;NA;NA;NA;NA;1;1;NA;NA;NA;;;
Profilin binding site;;Patient N;p.Glu364Lys;;1;NA;0;1;NA;NA;NA;0;NA;NA;NA;NA;NA;NA;NA;NA;NA;NA;NA;NA;NA;NA;NA;NA;NA;NA;NA;NA;NA;NA;NA;NA;NA;NA;NA;NA;NA;NA;NA;NA;NA;NA;NA;NA;NA;NA;NA;NA;NA;NA;NA;NA;NA;NA;NA;NA;NA;NA;NA;NA;NA;NA;NA;NA;1;NA;NA;NA;NA;NA;NA;NA;NA;NA;NA;NA;NA;NA;NA;NA;NA;NA;1;1;1;1;1;NA;NA;NA;NA;NA;;;
Profilin binding site;;Patient S2;p.Leu171Phe;;0;0;NA;0;1;1;0;NA;0;0;0;0;0;0;0;1;0;1;0;1;1;0;NA;NA;0;0;1;0;0;0;0;0;0;0;0;1;NA;1;1;1;NA;0;0;1;0;0;0;NA;NA;0;0;0;1;0;0;0;0;0;0;0;0;0;0;0;0;0;0;0;0;0;0;0;0;0;NA;NA;NA;NA;0;0;0;0;NA;NA;NA;NA;NA;NA;1;NA;NA;NA;;;
;;;;;;;;;;;;;;;;;;;;;;;;;;;;;;;;;;;;;;;;;;;;;;;;;;;;;;;;;;;;;;;;;;;;;;;;;;;;;;;;;;;;;;;;;;;;;;;;;;;
;;Total;;;1;3;0;1;3;1;2;0;0;0;0;0;0;0;1;3;0;1;0;2;2;1;0;0;0;0;1;0;0;0;0;0;0;0;0;1;0;1;1;1;0;0;0;1;0;0;0;0;0;0;0;0;1;0;0;0;0;0;3;1;2;0;0;0;1;0;1;0;0;3;1;0;0;0;0;0;0;0;0;0;0;0;1;1;1;1;1;1;4;0;0;0;;;
;;;;;;;;;;;;;;;;;;;;;;;;;;;;;;;;;;;;;;;;;;;;;;;;;;;;;;;;;;;;;;;;;;;;;;;;;;;;;;;;;;;;;;;;;;;;;;;;;;;
;Loss of function;;;;;;;;;;;;;;;;;;;;;;;;;;;;;;;;;;;;;;;;;;;;;;;;;;;;;;;;;;;;;;;;;;;;;;;;;;;;;;;;;;;;;;;;;;;;;;;;;;
;1;Patient P1;7p22.1 deletion (2 genes);;1;1;NA;1;NA;NA;NA;NA;NA;0;0;0;NA;NA;NA;NA;NA;NA;1;NA;NA;NA;1;NA;0;0;0;0;NA;NA;1;0;1;1;NA;NA;NA;1;1;0;0;0;NA;NA;0;0;0;1;NA;1;0;1;1;1;1;0;0;1;NA;NA;NA;NA;NA;NA;NA;NA;NA;NA;NA;NA;NA;NA;NA;NA;NA;NA;NA;NA;NA;NA;NA;NA;NA;NA;NA;NA;NA;NA;NA;NA;1;NA;;;
;2;#1;22 genes encompassed;;1;1;NA;NA;1;1;NA;NA;0;0;1;0;0;0;0;0;NA;NA;1;0;0;0;1;NA;0;0;0;1;0;0;1;0;1;1;0;0;NA;NA;0;0;1;0;0;0;0;0;0;0;NA;1;0;0;0;0;0;0;0;1;0;0;0;NA;NA;NA;NA;NA;0;0;0;0;0;0;0;0;NA;NA;NA;NA;NA;NA;NA;NA;NA;NA;NA;NA;NA;NA;NA;NA;NA;NA;;;
;3;#2;21 genes encompassed;;1;0;NA;1;NA;NA;NA;NA;0;0;0;0;0;NA;0;0;NA;NA;1;0;0;0;NA;NA;1;1;1;0;0;0;0;0;0;0;0;0;NA;NA;0;0;0;1;1;1;1;1;0;0;NA;0;1;0;0;0;0;0;1;0;0;0;0;NA;NA;NA;NA;NA;0;0;0;0;0;0;0;0;NA;NA;NA;NA;NA;NA;NA;NA;NA;NA;NA;NA;NA;NA;NA;NA;NA;NA;;;
;4;#3;30 genes encompassed;;1;1;NA;NA;1;1;NA;NA;0;0;0;0;0;NA;0;0;NA;NA;0;0;0;0;1;1;0;0;1;0;0;0;0;0;0;1;0;0;NA;NA;0;0;1;0;0;0;0;0;1;0;NA;0;0;0;0;0;0;0;0;0;0;0;0;NA;NA;NA;NA;NA;0;0;0;0;0;0;0;0;NA;NA;NA;NA;NA;NA;NA;NA;NA;NA;NA;NA;NA;NA;NA;NA;NA;NA;;;
;5;#4;5 genes ecnompassed;;1;1;NA;1;1;NA;NA;NA;0;0;NA;0;NA;NA;NA;NA;NA;NA;NA;NA;NA;NA;NA;NA;NA;NA;NA;NA;NA;NA;NA;NA;NA;NA;NA;NA;NA;NA;0;0;0;0;NA;NA;0;0;0;0;NA;NA;NA;NA;NA;NA;NA;NA;NA;NA;NA;NA;NA;NA;NA;NA;NA;NA;NA;NA;NA;NA;NA;NA;NA;NA;NA;NA;NA;NA;NA;NA;NA;NA;NA;NA;NA;NA;NA;NA;NA;NA;1;NA;;;
;6;#5;5 genes ecnompassed;;1;1;NA;1;1;NA;NA;NA;0;0;NA;0;NA;NA;NA;NA;NA;NA;NA;NA;NA;NA;NA;NA;NA;NA;NA;NA;NA;NA;NA;NA;NA;NA;NA;NA;NA;NA;0;0;0;0;NA;NA;0;0;0;0;NA;NA;NA;NA;NA;NA;NA;NA;NA;NA;NA;NA;NA;NA;NA;NA;NA;NA;NA;NA;NA;NA;NA;NA;NA;NA;NA;NA;NA;NA;NA;NA;NA;NA;NA;NA;NA;NA;NA;NA;NA;NA;1;NA;;;
;9;LR11-196;Deletion 7p22.1-p22.3;;NA;NA;NA;NA;NA;NA;NA;NA;0;0;0;0;0;0;0;0;0;1;0;0;0;0;NA;NA;0;0;0;1;1;0;0;0;0;0;0;0;NA;NA;0;0;1;0;0;0;0;0;0;NA;NA;0;0;0;0;0;0;1;0;0;0;0;0;1;0;1;0;0;0;0;0;0;0;0;0;0;NA;NA;NA;NA;NA;NA;NA;NA;NA;NA;NA;NA;NA;NA;NA;NA;NA;NA;;;
;10;LR11-333;Deletion 7p22.1-p22.2;;NA;NA;NA;1;1;NA;NA;0;0;0;0;0;0;0;0;0;NA;NA;0;0;0;0;NA;NA;0;0;0;0;0;0;0;0;0;0;0;0;NA;NA;0;0;0;0;1;1;0;0;0;NA;NA;0;0;0;0;0;0;0;0;0;0;0;0;0;1;0;0;0;0;0;0;0;0;0;0;0;NA;NA;NA;NA;NA;NA;NA;NA;NA;NA;NA;NA;NA;NA;NA;NA;NA;1;;;
;12;XXIV;p.Ser368Leu_fs*Ter13;;1;1;0;1;0;1;0;0;0;0;NA;NA;1;0;NA;NA;0;0;NA;NA;NA;NA;NA;1;NA;NA;NA;NA;0;NA;NA;NA;NA;NA;NA;0;NA;0;0;0;0;0;NA;NA;0;1;0;0;NA;NA;0;0;0;0;NA;NA;NA;NA;NA;NA;NA;0;0;0;0;0;NA;NA;NA;NA;NA;NA;NA;NA;0;1;0;0;0;0;0;0;0;NA;NA;NA;NA;NA;NA;0;0;0;;;
;13;XXV;p.Lys373Ter;;0;1;0;1;0;0;1;0;0;0;NA;NA;0;0;NA;NA;0;0;NA;NA;NA;NA;NA;1;NA;NA;NA;NA;0;NA;NA;NA;NA;NA;NA;0;NA;0;0;0;0;0;NA;NA;0;0;0;0;NA;NA;0;0;0;0;NA;NA;NA;NA;NA;NA;NA;0;0;0;0;0;NA;NA;NA;NA;NA;NA;NA;NA;0;0;0;0;0;0;0;0;0;NA;NA;NA;NA;NA;NA;0;0;0;;;
;14;XXVI ;p. Leu110Arg_fs*Ter10;;0;0;1;1;1;1;1;0;0;0;NA;NA;0;0;NA;NA;0;0;NA;NA;NA;NA;NA;0;NA;NA;NA;NA;0;NA;NA;NA;NA;NA;NA;0;NA;0;0;0;0;0;NA;NA;0;0;0;0;NA;NA;0;0;0;0;NA;NA;NA;NA;NA;NA;NA;1;1;0;0;0;NA;NA;NA;NA;NA;NA;NA;NA;0;0;0;0;0;0;0;0;0;NA;NA;NA;NA;NA;NA;0;0;0;;;
;15;I;7:5151574-6745570;;1;0;0;1;1;1;1;1;0;0;NA;NA;0;0;NA;NA;0;0;NA;NA;NA;NA;NA;1;NA;NA;NA;NA;0;NA;NA;NA;NA;NA;NA;0;0;1;0;0;1;0;NA;NA;1;0;0;0;NA;NA;0;0;0;0;NA;NA;NA;NA;NA;NA;NA;1;0;1;0;0;NA;NA;NA;NA;NA;NA;NA;NA;0;0;0;0;1;0;0;1;0;NA;NA;NA;1;NA;NA;0;0;0;;;
;16;II;7: 5370613-6296827;;1;0;0;1;1;1;1;0;0;0;NA;NA;0;0;NA;NA;0;0;NA;NA;NA;NA;NA;1;NA;NA;NA;NA;0;NA;NA;NA;NA;NA;NA;0;1;0;0;0;1;0;NA;NA;0;0;0;0;NA;NA;0;0;0;0;NA;NA;NA;NA;NA;NA;NA;0;0;0;0;0;NA;NA;NA;NA;NA;NA;NA;NA;0;1;0;0;0;0;1;0;0;NA;NA;NA;NA;NA;NA;1;0;1;;;
;17;III;7: 5057992- 5617869;;1;1;0;1;0;0;1;0;0;0;NA;NA;0;0;NA;NA;0;0;NA;NA;NA;NA;NA;0;NA;NA;NA;NA;0;NA;NA;NA;NA;NA;NA;0;0;0;0;0;1;0;NA;NA;0;0;1;0;NA;NA;0;0;0;0;NA;NA;NA;NA;NA;NA;NA;0;0;0;0;0;NA;NA;NA;NA;NA;NA;NA;NA;0;1;0;1;0;0;0;1;1;NA;NA;NA;NA;NA;NA;0;0;0;;;
;18;IVa;7: 5587489-6080286;;1;0;0;1;1;1;1;0;0;0;NA;NA;0;0;NA;NA;0;0;NA;NA;NA;NA;NA;0;NA;NA;NA;NA;0;NA;NA;NA;NA;NA;NA;0;1;0;0;0;1;0;NA;NA;0;0;0;0;NA;NA;0;0;0;0;NA;NA;NA;NA;NA;NA;NA;0;0;0;0;0;NA;NA;NA;NA;NA;NA;NA;NA;0;0;0;0;1;1;0;0;0;NA;NA;NA;NA;NA;NA;1;0;0;;;
;;IVb;7: 5587489-6080286;;NA;NA;NA;NA;NA;NA;NA;NA;NA;NA;NA;NA;NA;NA;NA;NA;NA;NA;NA;NA;NA;NA;NA;NA;NA;NA;NA;NA;NA;NA;NA;NA;NA;NA;NA;NA;NA;NA;NA;NA;1;NA;NA;NA;NA;NA;NA;NA;NA;NA;NA;NA;NA;NA;NA;NA;NA;NA;NA;NA;NA;NA;NA;NA;NA;NA;NA;NA;NA;NA;NA;NA;NA;NA;NA;NA;NA;NA;1;1;NA;NA;NA;NA;NA;NA;NA;NA;NA;NA;0;NA;;;
;19;V;7: 3531608-7167693;;1;NA;0;1;1;1;1;0;0;0;NA;NA;0;0;NA;NA;0;1;NA;NA;NA;NA;NA;1;NA;NA;NA;NA;0;NA;NA;NA;NA;NA;NA;0;0;0;1;0;0;0;NA;NA;0;0;1;0;NA;NA;0;0;0;0;NA;NA;NA;NA;NA;NA;NA;1;0;1;0;1;NA;NA;NA;NA;NA;NA;NA;NA;0;0;NA;NA;0;0;0;0;0;NA;NA;NA;NA;NA;NA;0;0;0;;;
;20;VI;7: 5592436-8416721 ;;1;0;0;1;0;0;1;0;0;0;NA;NA;0;0;NA;NA;0;0;NA;NA;NA;NA;NA;0;NA;NA;NA;NA;0;NA;NA;NA;NA;NA;NA;0;0;1;1;0;0;0;NA;NA;0;0;1;0;NA;NA;0;0;0;0;NA;NA;NA;NA;NA;NA;NA;0;0;0;0;0;NA;NA;NA;NA;NA;NA;NA;NA;0;0;0;1;0;0;0;0;1;NA;NA;NA;NA;NA;NA;0;0;0;;;
;21;VII;7: 3861164-6213355;;1;0;1;1;1;1;1;0;0;0;NA;NA;1;0;NA;NA;0;0;NA;NA;NA;NA;NA;1;NA;NA;NA;NA;0;NA;NA;NA;NA;NA;NA;0;0;0;0;0;0;0;NA;NA;0;0;1;1;NA;NA;0;0;0;0;NA;NA;NA;NA;NA;NA;NA;1;0;0;0;0;NA;NA;NA;NA;NA;NA;NA;NA;0;1;0;1;0;0;0;0;0;NA;NA;NA;NA;NA;NA;0;0;0;;;
;22;VIII;7: 3861164-5864755 ;;1;1;0;1;1;1;1;0;0;0;NA;NA;0;0;NA;NA;0;1;NA;NA;NA;NA;NA;1;NA;NA;NA;NA;0;NA;NA;NA;NA;NA;NA;0;0;0;0;0;0;0;NA;NA;0;0;0;1;NA;NA;0;0;0;0;NA;NA;NA;NA;NA;NA;NA;0;0;1;0;0;NA;NA;NA;NA;NA;NA;NA;NA;0;0;0;0;0;0;0;1;0;NA;NA;NA;NA;NA;NA;0;0;1;;;
;23;IX;7: 5105131-6714753;;1;0;0;1;1;1;1;0;0;0;NA;NA;0;0;NA;NA;0;1;NA;NA;NA;NA;NA;1;NA;NA;NA;NA;0;NA;NA;NA;NA;NA;NA;0;0;0;0;0;1;0;NA;NA;0;0;0;1;NA;NA;0;0;0;0;NA;NA;NA;NA;NA;NA;NA;1;1;0;0;0;NA;NA;NA;NA;NA;NA;NA;NA;0;0;0;0;0;0;0;0;0;NA;NA;NA;NA;NA;NA;0;0;0;;;
;24;X;7: 5399371-6871084;;NA;1;0;NA;NA;NA;NA;0;0;0;NA;NA;0;0;NA;NA;0;1;NA;NA;NA;NA;NA;0;NA;NA;NA;NA;0;NA;NA;NA;NA;NA;NA;0;0;0;0;0;0;0;NA;NA;0;0;0;0;NA;NA;0;0;0;0;NA;NA;NA;NA;NA;NA;NA;0;0;0;0;0;NA;NA;NA;NA;NA;NA;NA;NA;0;0;0;0;1;0;0;0;0;NA;NA;NA;NA;NA;NA;0;0;1;;;
;26;XII;7: 4778156-5945860 ;;0;0;0;1;1;1;1;1;0;0;NA;NA;0;0;NA;NA;0;0;NA;NA;NA;NA;NA;0;NA;NA;NA;NA;0;NA;NA;NA;NA;NA;NA;0;1;0;1;1;0;0;NA;NA;0;0;1;0;NA;NA;0;0;0;0;NA;NA;NA;NA;NA;NA;NA;1;0;1;0;0;NA;NA;NA;NA;NA;NA;NA;NA;0;0;1;1;0;0;0;0;1;NA;NA;NA;NA;NA;NA;1;0;0;;;
;27;XIII;7: 5184455-6348344 ;;1;1;0;1;1;1;1;0;0;0;NA;NA;0;0;NA;NA;0;0;NA;NA;NA;NA;NA;0;NA;NA;NA;NA;0;NA;NA;NA;NA;NA;NA;0;0;0;0;0;0;0;NA;NA;0;0;0;0;NA;NA;0;0;0;0;NA;NA;NA;NA;NA;NA;NA;1;0;0;0;0;NA;NA;NA;NA;NA;NA;NA;NA;0;0;0;0;0;0;0;0;0;NA;NA;NA;NA;NA;NA;0;0;0;;;
;29;XV;7: 5048743-6146825;;1;1;0;NA;NA;NA;NA;0;0;0;NA;NA;0;0;NA;NA;0;0;NA;NA;NA;NA;NA;0;NA;NA;NA;NA;1;NA;NA;NA;NA;NA;NA;1;0;0;0;0;0;0;NA;NA;0;0;0;0;NA;NA;0;0;0;0;NA;NA;NA;NA;NA;NA;NA;0;0;0;0;0;NA;NA;NA;NA;NA;NA;NA;NA;0;0;0;0;0;0;0;0;0;NA;NA;NA;NA;NA;NA;0;0;0;;;
;30;XVI;7: 4861557-5923456;;1;0;0;1;0;0;1;1;0;0;NA;NA;0;0;NA;NA;0;0;NA;NA;NA;NA;NA;1;NA;NA;NA;NA;0;NA;NA;NA;NA;NA;NA;0;1;0;0;0;1;0;NA;NA;0;0;0;0;NA;NA;0;0;0;0;NA;NA;NA;NA;NA;NA;NA;0;0;0;0;0;NA;NA;NA;NA;NA;NA;NA;NA;1;0;0;0;0;0;0;0;0;NA;NA;NA;NA;NA;NA;0;0;0;;;
;31;XVIIa;7: 5233021-5926631 ;;0;1;0;NA;1;1;1;0;0;0;NA;NA;0;0;NA;NA;0;0;NA;NA;NA;NA;NA;1;NA;NA;NA;NA;0;NA;NA;NA;NA;NA;NA;0;0;0;1;0;0;0;NA;NA;0;0;0;1;NA;NA;0;0;0;0;NA;NA;NA;NA;NA;NA;NA;0;0;0;0;0;NA;NA;NA;NA;NA;NA;NA;NA;0;1;1;0;0;0;0;0;1;NA;NA;NA;NA;NA;NA;0;0;0;;;
;;XVIIb;7: 5233021-5926631 ;;1;1;0;NA;1;0;1;0;0;0;NA;NA;0;0;NA;NA;0;0;NA;NA;NA;NA;NA;0;NA;NA;NA;NA;0;NA;NA;NA;NA;NA;NA;0;0;0;1;0;0;0;NA;NA;0;0;0;0;NA;NA;0;0;0;0;NA;NA;NA;NA;NA;NA;NA;0;0;0;0;0;NA;NA;NA;NA;NA;NA;NA;NA;0;1;1;0;0;0;0;0;0;NA;NA;NA;NA;NA;NA;0;0;;;;
;32;XVIII;7: 5370613-5925070 ;;0;0;0;1;1;1;1;0;0;0;NA;NA;0;0;NA;NA;0;0;NA;NA;NA;NA;NA;1;NA;NA;NA;NA;0;NA;NA;NA;NA;NA;NA;0;0;0;0;0;0;1;NA;NA;0;0;0;0;NA;NA;0;0;0;0;NA;NA;NA;NA;NA;NA;NA;0;0;0;0;0;NA;NA;NA;NA;NA;NA;NA;NA;0;0;1;1;0;0;0;0;1;NA;NA;NA;NA;NA;NA;0;0;0;;;
;33;XIXa;7: 5241760-5675100 ;;0;1;1;1;0;0;0;0;0;0;NA;NA;0;0;NA;NA;0;0;NA;NA;NA;NA;NA;0;NA;NA;NA;NA;0;NA;NA;NA;NA;NA;NA;0;1;0;0;1;0;0;NA;NA;0;0;0;0;NA;NA;0;0;0;0;NA;NA;NA;NA;NA;NA;NA;1;1;1;0;0;NA;NA;NA;NA;NA;NA;NA;NA;0;0;0;0;1;0;0;0;1;NA;NA;NA;NA;NA;NA;0;0;0;;;
;;XIXb;7: 5241760-5675100 ;;0;1;1;NA;1;1;1;0;0;0;0;0;0;0;0;0;0;0;0;0;0;0;NA;0;0;0;0;0;0;0;0;0;0;0;0;0;0;NA;0;0;0;0;0;0;0;0;0;0;NA;0;0;0;0;0;0;0;0;0;0;0;0;0;1;0;0;0;0;0;0;0;0;0;0;0;0;0;0;0;0;0;0;0;0;NA;NA;NA;NA;NA;NA;0;0;0;;;
;;XIXc;7: 5241760-5675100 ;;0;0;1;NA;1;1;1;0;0;0;0;0;0;0;0;0;0;0;0;0;0;0;NA;0;0;0;0;0;0;0;0;0;0;0;0;0;0;NA;0;0;0;0;0;0;0;0;0;0;NA;0;0;0;0;0;0;0;0;0;0;0;0;0;0;1;0;0;0;0;0;0;0;0;0;0;0;0;0;0;0;0;0;0;0;NA;NA;NA;NA;NA;NA;0;1;0;;;
;;XIXd;7: 5241760-5675100 ;;0;0;0;1;0;0;0;0;0;0;0;0;0;0;0;0;0;0;0;0;0;0;NA;0;0;0;0;0;0;0;0;0;0;0;0;0;0;NA;0;0;0;0;0;0;0;0;0;0;NA;0;0;0;0;0;0;0;0;0;0;0;0;0;0;0;0;0;0;0;0;0;0;0;0;0;0;0;0;0;0;0;0;0;0;NA;NA;NA;NA;NA;NA;0;0;0;;;
;35;XXI;7: 5548368-5857259;;0;1;0;1;1;1;1;0;0;0;NA;NA;0;0;NA;NA;0;0;NA;NA;NA;NA;NA;1;NA;NA;NA;NA;0;NA;NA;NA;NA;NA;NA;0;1;1;0;0;0;0;NA;NA;0;0;0;0;NA;NA;0;0;0;0;NA;NA;NA;NA;NA;NA;NA;0;0;0;NA;0;NA;NA;NA;NA;NA;NA;NA;NA;1;0;0;0;0;0;0;0;0;NA;NA;NA;NA;NA;NA;0;0;0;;;
;36;XXII;7: 5359680-5568627 ;;1;1;0;1;1;1;1;0;0;0;NA;NA;0;0;NA;NA;0;0;NA;NA;NA;NA;NA;1;NA;NA;NA;NA;0;NA;NA;NA;NA;NA;NA;0;1;0;0;0;1;0;NA;NA;0;0;0;1;NA;NA;0;0;0;0;NA;NA;NA;NA;NA;NA;NA;0;0;0;NA;0;NA;NA;NA;NA;NA;NA;NA;NA;1;0;0;1;0;1;1;0;0;NA;NA;NA;NA;NA;NA;0;0;1;;;
;37;XXIII;7: 5536848-5617875 ;;0;0;0;1;0;0;1;0;0;0;NA;NA;0;0;NA;NA;0;0;NA;NA;NA;NA;NA;0;NA;NA;NA;NA;0;NA;NA;NA;NA;NA;NA;0;NA;0;0;0;1;1;NA;NA;0;0;0;0;NA;NA;0;0;0;0;NA;NA;NA;NA;NA;NA;NA;0;0;0;NA;0;NA;NA;NA;NA;NA;NA;NA;NA;0;0;1;0;0;0;0;0;0;NA;NA;NA;NA;NA;NA;0;0;0;;;
;;Patient 1B;?;;0;0;NA;0;1;1;1;1;0;0;0;0;0;0;0;0;NA;NA;0;0;1;0;NA;NA;0;0;0;0;0;0;0;0;0;0;0;0;0;NA;0;0;NA;0;0;0;0;0;0;NA;NA;0;0;0;0;0;0;0;0;0;0;0;0;NA;NA;NA;NA;NA;0;0;0;0;1;0;0;1;NA;1;0;0;NA;NA;NA;NA;NA;NA;NA;NA;NA;NA;NA;NA;NA;NA;;;
;;Patient 2B (mother 1B);?;;0;0;NA;0;0;0;0;NA;0;0;0;0;0;0;0;0;NA;NA;0;0;1;0;NA;NA;0;0;0;0;0;0;0;0;0;0;0;0;0;NA;0;0;NA;0;0;0;0;0;0;NA;NA;0;0;0;0;0;0;0;0;0;0;0;0;NA;NA;NA;NA;NA;0;0;0;0;1;0;0;1;0;0;0;0;NA;NA;NA;NA;NA;NA;NA;NA;NA;NA;NA;NA;NA;NA;;;
;;Patient 3B;p.Thr297Serfs*37;;0;0;NA;NA;1;1;1;NA;0;0;0;0;0;0;0;0;NA;NA;0;1;1;0;NA;NA;0;0;0;0;0;0;0;0;0;1;0;0;0;NA;1;0;NA;0;0;0;0;0;0;NA;NA;0;0;0;0;0;0;0;0;0;0;0;0;NA;NA;NA;NA;1;0;0;0;0;0;0;0;0;NA;NA;NA;NA;NA;NA;NA;NA;NA;NA;NA;NA;NA;NA;NA;NA;NA;NA;;;
;;Patient 4B;Gly302Ala;;0;0;NA;1;1;1;1;NA;0;0;0;0;0;0;0;0;0;0;0;1;1;0;NA;NA;0;0;0;0;0;0;0;0;0;0;0;0;0;NA;0;0;NA;0;0;0;0;0;0;NA;NA;0;0;0;0;0;0;0;0;0;0;0;0;NA;NA;NA;NA;0;0;0;0;0;0;0;0;0;NA;1;NA;NA;NA;NA;NA;NA;NA;NA;NA;NA;NA;NA;NA;NA;1;NA;;;
;;Total;;;21;18;5;27;25;22;25;4;0;0;1;0;2;0;0;0;0;5;3;2;4;0;3;14;1;1;2;2;2;0;2;0;2;4;0;1;7;4;7;2;12;3;2;2;2;2;6;6;0;2;1;1;1;1;1;1;1;2;0;0;0;9;5;7;0;2;0;0;0;0;2;0;0;2;3;8;5;6;5;3;2;3;6;0;0;0;1;0;0;3;5;5;;;
;;Percentages;;;0,525;0,45;0,125;0,675;0,625;0,55;0,625;0,1;0;0;0,025;0;0,05;0;0;0;0;0,125;0,075;0,05;0,1;0;0,075;0,35;0,025;0,025;0,05;0,05;0,05;0;0,05;0;0,05;0,1;0;0,025;0,175;0,1;0,175;0,05;0,3;0,075;0,05;0,05;0,05;0,05;0,15;0,15;0;0,05;0,025;0,025;0,025;0,025;0,025;0,025;0,025;0,05;0;0;0;0,225;0,125;0,175;0;0,05;0;0;0;0;0,05;0;0;0,05;0,075;0,2;0,125;0,15;0,125;0,075;0,05;0,075;0,15;0;0;0;0,025;0;0;0,075;0,125;0,125;;;
;25;XI;7: 5370746-6781213 ;;0;NA;0;1;1;1;1;1;0;0;NA;NA;0;0;NA;NA;0;0;NA;NA;NA;NA;NA;1;NA;NA;NA;NA;0;NA;NA;NA;NA;NA;NA;0;0;0;0;0;0;0;NA;NA;0;0;1;1;NA;NA;0;0;0;0;NA;NA;NA;NA;NA;NA;NA;0;0;0;0;0;NA;NA;NA;NA;NA;NA;NA;NA;1;0;0;0;0;0;0;0;0;NA;NA;NA;NA;NA;NA;0;0;0;;;
;28;XIV;7: 5151474-6296948;;NA;NA;1;1;1;1;1;0;0;0;NA;NA;0;0;NA;NA;0;0;NA;NA;NA;NA;NA;1;NA;NA;NA;NA;0;NA;NA;NA;NA;NA;NA;1;0;0;0;0;0;0;NA;NA;1;0;1;1;NA;NA;0;0;0;0;NA;NA;NA;NA;NA;NA;NA;0;0;0;0;0;NA;NA;NA;NA;NA;NA;NA;NA;1;0;0;0;0;0;0;0;0;NA;NA;NA;NA;NA;NA;0;0;0;;;
;34;XXa;7: 5492967-5864851 ;;1;1;1;1;1;1;1;0;0;0;NA;NA;0;0;NA;NA;0;1;NA;NA;NA;NA;NA;1;NA;NA;NA;NA;0;NA;NA;NA;NA;NA;NA;0;0;0;0;0;0;0;NA;NA;0;0;0;1;NA;NA;0;0;0;0;NA;NA;NA;NA;NA;NA;NA;0;0;0;NA;0;NA;NA;NA;NA;NA;NA;NA;NA;0;1;0;0;0;0;0;0;0;NA;NA;NA;NA;NA;NA;0;0;0;;;
;;XXb;7: 5492967-5864851 ;;1;1;1;NA;1;1;1;0;0;0;0;0;0;0;0;0;0;0;0;0;0;0;NA;0;0;0;0;0;0;0;0;0;0;0;0;0;0;NA;0;0;0;0;0;0;0;0;0;0;NA;0;0;0;0;0;0;0;0;0;0;0;0;0;0;0;0;0;0;0;0;0;0;0;0;0;0;1;0;0;0;0;0;0;0;NA;NA;NA;NA;NA;NA;0;0;0;;;
;;XXc;7: 5492967-5864851 ;;1;1;0;NA;1;1;1;0;0;0;0;0;0;0;0;0;0;0;0;0;0;0;0;0;0;0;0;0;0;0;0;0;0;0;0;0;0;NA;0;0;0;0;0;0;0;0;0;0;NA;0;0;0;0;0;0;0;0;0;0;0;0;0;0;0;0;0;0;0;0;0;0;0;0;0;0;1;0;0;0;0;0;0;0;NA;NA;NA;NA;NA;NA;0;0;0;;;
;;;;;;;;;;;;;;;;;;;;;;;;;;;;;;;;;;;;;;;;;;;;;;;;;;;;;;;;;;;;;;;;;;;;;;;;;;;;;;;;;;;;;;;;;;;;;;;;;;;
;;;;;;;;;;;;;;;;;;;;;;;;;;;;;;;;;;;;;;;;;;;;;;;;;;;;;;;;;;;;;;;;;;;;;;;;;;;;;;;;;;;;;;;;;;;;;;;;;;;
;;;;;;;;;;;;;;;;;;;;;;;;;;;;;;;;;;;;;;;;;;;;;;;;;;;;;;;;;;;;;;;;;;;;;;;;;;;;;;;;;;;;;;;;;;;;;;;;;;;
;ACTG1;;;;;;;;;;;;;;;;;;;;;;;;;;;;;;;;;;;;;;;;;;;;;;;;;;;;;;;;;;;;;;;;;;;;;;;;;;;;;;;;;;;;;;;;;;;;;;;;;;
;Gain Of Function;;;;;;;;;;;;;;;;;;;;;;;;;;;;;;;;;;;;;;;;;;;;;;;;;;;;;;;;;;;;;;;;;;;;;;;;;;;;;;;;;;;;;;;;;;;;;;;;;;
;;LR04-298;p.Ser155Phe;NA;0;0;NA;NA;NA;NA;NA;1;1;NA;1;NA;NA;1;NA;NA;1;NA;NA;NA;NA;NA;NA;NA;NA;NA;NA;NA;NA;NA;NA;NA;NA;NA;NA;NA;NA;NA;NA;NA;NA;NA;NA;NA;NA;NA;NA;NA;NA;NA;NA;NA;NA;NA;NA;NA;NA;NA;NA;NA;NA;NA;NA;NA;NA;NA;NA;NA;NA;NA;NA;NA;NA;NA;NA;NA;NA;NA;NA;NA;NA;NA;NA;NA;NA;NA;NA;NA;NA;NA;NA;NA;;;
;;LP98-096;p.Ser155Phe;NA;1;1;0;1;NA;NA;NA;1;1;1;1;1;NA;1;NA;NA;1;NA;NA;NA;NA;NA;NA;NA;NA;NA;NA;NA;NA;NA;NA;NA;NA;NA;NA;NA;NA;NA;NA;NA;NA;NA;NA;NA;NA;NA;NA;NA;NA;NA;NA;NA;NA;NA;NA;NA;NA;NA;NA;NA;NA;NA;NA;NA;NA;NA;NA;NA;NA;NA;NA;NA;NA;NA;NA;NA;NA;NA;NA;NA;NA;NA;NA;NA;NA;NA;NA;NA;NA;NA;NA;NA;;;
;;11-10857;p.Ser155Phe;NA;NA;NA;NA;NA;NA;NA;NA;1;NA;1;1;1;NA;1;NA;NA;NA;NA;NA;NA;NA;NA;NA;NA;NA;NA;NA;NA;NA;NA;NA;NA;NA;NA;NA;NA;NA;NA;NA;NA;NA;NA;NA;NA;NA;NA;NA;NA;NA;NA;NA;NA;NA;NA;NA;NA;NA;NA;NA;NA;NA;NA;NA;NA;NA;NA;NA;NA;NA;NA;NA;NA;NA;NA;NA;NA;NA;NA;NA;NA;NA;NA;NA;NA;NA;NA;NA;NA;NA;NA;NA;NA;;;
;;Total;;;1;1;0;1;0;0;0;3;2;2;3;2;0;3;0;0;2;0;0;0;0;0;0;0;0;0;0;0;0;0;0;0;0;0;0;0;0;0;0;0;0;0;0;0;0;0;0;0;0;0;0;0;0;0;0;0;0;0;0;0;0;0;0;0;0;0;0;0;0;0;0;0;0;0;0;0;0;0;0;0;0;0;0;0;0;0;0;0;0;0;0;0;;;
;Loss of function;;;;;;;;;;;;;;;;;;;;;;;;;;;;;;;;;;;;;;;;;;;;;;;;;;;;;;;;;;;;;;;;;;;;;;;;;;;;;;;;;;;;;;;;;;;;;;;;;;
;;LR11 334;Deletion 17q25.3;NA;1;NA;NA;NA;1;NA;NA;0;0;0;0;0;0;0;0;0;NA;NA;0;0;0;0;NA;NA;0;0;0;0;0;0;0;0;0;0;0;0;NA;NA;0;0;NA;0;0;1;0;0;0;NA;NA;0;0;0;0;0;0;0;0;0;0;0;0;1;0;0;0;0;0;0;0;0;0;0;0;0;NA;NA;NA;NA;NA;NA;NA;NA;NA;NA;NA;NA;NA;NA;NA;NA;1;NA;;;
;;;;;;;;;;;;;;;;;;;;;;;;;;;;;;;;;;;;;;;;;;;;;;;;;;;;;;;;;;;;;;;;;;;;;;;;;;;;;;;;;;;;;;;;;;;;;;;;;;;
;;;;;;;;;;;;;;;;;;;;;;;;;;;;;;;;;;;;;;;;;;;;;;;;;;;;;;;;;;;;;;;;;;;;;;;;;;;;;;;;;;;;;;;;;;;;;;;;;;;
;;;;;;;;;;;;;;;;;;;;;;;;;;;;;;;;;;;;;;;;;;;;;;;;;;;;;;;;;;;;;;;;;;;;;;;;;;;;;;;;;;;;;;;;;;;;;;;;;;;
;;;;;;;;;;;;;;;;;;;;;;;;;;;;;;;;;;;;;;;;;;;;;;;;;;;;;;;;;;;;;;;;;;;;;;;;;;;;;;;;;;;;;;;;;;;;;;;;;;;
;N-terminus;;;;;;;;;;;;;;;;;;;;;;;;;;;;;;;;;;;;;;;;;;;;;;;;;;;;;;;;;;;;;;;;;;;;;;;;;;;;;;;;;;;;;;;;;;;;;;;;;;
;;LR16?163;p.Asn12Asp;0;0;0;0;1;NA;NA;NA;NA;1;0;1;0;0;1;1;1;NA;NA;0;0;0;0;1;1;0;0;NA;0;0;0;0;0;0;1;0;0;NA;NA;NA;NA;NA;NA ;0;0;NA;NA;NA;1;NA;NA;NA;0;1;0;0;0;0;0;0;0;0;NA;NA;NA;NA;NA;1;0;0;0;1;1;0;1;0;0;0;0;0;0;0;NA;NA;NA;NA;NA;NA;NA;NA;NA;NA;NA;;;
;;;;;;;;;;;;;;;;;;;;;;;;;;;;;;;;;;;;;;;;;;;;;;;;;;;;;;;;;;;;;;;;;;;;;;;;;;;;;;;;;;;;;;;;;;;;;;;;;;;
;Other;;;;;;;;;;;;;;;;;;;;;;;;;;;;;;;;;;;;;;;;;;;;;;;;;;;;;;;;;;;;;;;;;;;;;;;;;;;;;;;;;;;;;;;;;;;;;;;;;;
;;61458;"	p.Thr120Ile";NA;0;0;1;1;NA;NA;NA;1;1;0;1;1;NA;1;NA;NA;1;NA;NA;NA;NA;NA;NA;NA;NA;NA;NA;NA;NA;NA;NA;NA;NA;NA;NA;NA;NA;NA;NA;NA;NA;NA;NA;NA;NA;NA;NA;NA;NA;NA;NA;NA;NA;NA;NA;NA;NA;NA;NA;NA;NA;NA;NA;NA;NA;NA;NA;NA;NA;NA;NA;NA;NA;NA;NA;NA;NA;NA;NA;NA;NA;NA;NA;NA;NA;NA;NA;NA;NA;NA;NA;NA;;;
;;LR06-241;p.Ala135Val;NA;1;1;1;1;NA;NA;NA;1;1;1;0;1;NA;1;NA;NA;1;NA;NA;NA;NA;NA;NA;NA;NA;NA;NA;NA;NA;NA;NA;NA;NA;NA;NA;NA;NA;NA;NA;NA;NA;NA;NA;NA;NA;NA;NA;NA;NA;NA;NA;NA;NA;NA;NA;NA;NA;NA;NA;NA;NA;NA;NA;NA;NA;NA;NA;NA;NA;NA;NA;NA;NA;NA;NA;NA;NA;NA;NA;NA;NA;NA;NA;NA;NA;NA;NA;NA;NA;NA;NA;NA;;;
;;58431;p.Thr203Lys;NA;0;0;1;NA;NA;NA;NA;1;1;0;1;1;NA;1;NA;NA;1;NA;NA;NA;NA;NA;NA;NA;NA;NA;NA;NA;NA;NA;NA;NA;NA;NA;NA;NA;NA;NA;NA;NA;NA;NA;NA;NA;NA;NA;NA;NA;NA;NA;NA;NA;NA;NA;NA;NA;NA;NA;NA;NA;NA;NA;NA;NA;NA;NA;NA;NA;NA;NA;NA;NA;NA;NA;NA;NA;NA;NA;NA;NA;NA;NA;NA;NA;NA;NA;NA;NA;NA;NA;NA;NA;;;
;;LR03-033;p.Arg254Trp;NA;0;1;1;1;NA;NA;NA;0;1;1;1;1;NA;1;NA;NA;1;NA;NA;NA;NA;NA;NA;NA;NA;NA;NA;NA;NA;NA;NA;NA;NA;NA;NA;NA;NA;NA;NA;NA;NA;NA;NA;NA;NA;NA;NA;NA;NA;NA;NA;NA;NA;NA;NA;NA;NA;NA;NA;NA;NA;NA;NA;NA;NA;NA;NA;NA;NA;NA;NA;NA;NA;NA;NA;NA;NA;NA;NA;NA;NA;NA;NA;NA;NA;NA;NA;NA;NA;NA;NA;NA;;;
;;LP92-083;p.Arg256Tr;NA;1;1;1;1;NA;NA;NA;0;1;1;1;1;NA;1;NA;NA;1;NA;NA;NA;NA;NA;NA;NA;NA;NA;NA;NA;NA;NA;NA;NA;NA;NA;NA;NA;NA;NA;NA;NA;NA;NA;NA;NA;NA;NA;NA;NA;NA;NA;NA;NA;NA;NA;NA;NA;NA;NA;NA;NA;NA;NA;NA;NA;NA;NA;NA;NA;NA;NA;NA;NA;NA;NA;NA;NA;NA;NA;NA;NA;NA;NA;NA;NA;NA;NA;NA;NA;NA;NA;NA;NA;;;
;;Patient A;p.Pro32Ser;1;0;0;1;0;1;NA;1;0;0;0;0;0;0;0;0;0;0;0;0;0;0;0;NA;NA;0;0;0;1;0;0;0;0;0;0;0;0;0;NA;NA;NA;NA;0;1;1;0;0;0;0;0;0;0;0;0;0;0;0;0;0;0;0;0;0;0;0;0;1;0;0;0;0;0;0;0;0;NA;NA;NA;0;NA;NA;NA;NA;NA;NA;NA;NA;NA;NA;NA;NA;NA;NA;;;
;;Patient B;p.Pro32Ser;1;NA;NA;1;NA;NA;NA;NA;NA;0;0;0;0;0;0;0;0;0;0;0;0;0;0;NA;NA;0;0;0;0;0;0;0;0;0;0;0;0;0;NA;NA;NA;NA;0;0;0;NA;NA;NA;NA;NA;0;0;0;0;0;0;0;0;0;0;0;0;NA;NA;NA;NA;NA;0;0;0;0;0;0;0;0;NA;NA;NA;NA;NA;NA;NA;NA;NA;NA;NA;NA;NA;NA;NA;NA;NA;NA;;;
;;Family 6;p.Pro264Leu;1;0;0;1;NA;NA;NA;NA;NA;0;0;0;0;0;0;0;0;NA;NA;0;0;0;0;NA;NA;0;0;0;0;0;0;0;0;0;0;0;0;NA;NA;0;0;NA;0;0;0;0;0;0;NA;NA;0;0;0;0;0;0;0;0;0;0;0;0;NA;NA;NA;NA;NA;0;0;0;0;0;0;0;0;NA;NA;NA;NA;NA;NA;NA;NA;NA;NA;NA;NA;NA;NA;NA;NA;NA;NA;;;
;;Chinese family 1;p.Ile122Val;1;0;0;1;NA;NA;NA;NA;NA;0;0;0;0;0;0;0;0;NA;NA;0;0;0;0;NA;NA;0;0;0;0;0;0;0;0;0;0;0;0;0;NA;0;0;NA;0;0;0;0;0;0;NA;NA;0;0;0;0;0;0;0;0;0;0;0;0;NA;NA;NA;NA;NA;0;0;0;0;0;0;0;0;NA;NA;NA;NA;NA;NA;NA;NA;NA;NA;NA;NA;NA;NA;NA;NA;NA;NA;;;
;;Chinese family 2;p.Lys213Arg;1;0;0;1;NA;NA;NA;NA;NA;0;0;0;0;0;0;0;0;NA;NA;0;0;0;0;NA;NA;0;0;0;0;0;0;0;0;0;0;0;0;0;NA;0;0;NA;0;0;0;0;0;0;NA;NA;0;0;0;0;0;0;0;0;0;0;0;0;NA;NA;NA;NA;NA;0;0;0;0;0;0;0;0;NA;NA;NA;NA;NA;NA;NA;NA;NA;NA;NA;NA;NA;NA;NA;NA;NA;NA;;;
;;Family #1;p.Ile34Met;1;NA;NA;1;NA;NA;NA;NA;NA;NA;NA;NA;NA;NA;NA;NA;NA;NA;NA;NA;NA;NA;NA;NA;NA;NA;NA;NA;NA;NA;NA;NA;NA;NA;NA;NA;NA;NA;NA;NA;NA;NA;NA;NA;NA;NA;NA;NA;NA;NA;NA;NA;NA;NA;NA;NA;NA;NA;NA;NA;NA;NA;NA;NA;NA;NA;NA;NA;NA;NA;NA;NA;NA;NA;NA;NA;NA;NA;NA;NA;NA;NA;NA;NA;NA;NA;NA;NA;NA;NA;NA;NA;NA;;;
;;Family #2;p.Arg37His;1;NA;NA;1;NA;NA;NA;NA;NA;NA;NA;NA;NA;NA;NA;NA;NA;NA;NA;NA;NA;NA;NA;NA;NA;NA;NA;NA;NA;NA;NA;NA;NA;NA;NA;NA;NA;NA;NA;NA;NA;NA;NA;NA;NA;NA;NA;NA;NA;NA;NA;NA;NA;NA;NA;NA;NA;NA;NA;NA;NA;NA;NA;NA;NA;NA;NA;NA;NA;NA;NA;NA;NA;NA;NA;NA;NA;NA;NA;NA;NA;NA;NA;NA;NA;NA;NA;NA;NA;NA;NA;NA;NA;;;
;;Family #4;p.Met82Ile;1;NA;NA;1;NA;NA;NA;NA;NA;NA;NA;NA;NA;NA;NA;NA;NA;NA;NA;NA;NA;NA;NA;NA;NA;NA;NA;NA;NA;NA;NA;NA;NA;NA;NA;NA;NA;NA;NA;NA;NA;NA;NA;NA;NA;NA;NA;NA;NA;NA;NA;NA;NA;NA;NA;NA;NA;NA;NA;NA;NA;NA;NA;NA;NA;NA;NA;NA;NA;NA;NA;NA;NA;NA;NA;NA;NA;NA;NA;NA;NA;NA;NA;NA;NA;NA;NA;NA;NA;NA;NA;NA;NA;;;
;;Family #8;p.Ile165Val;1;NA;NA;1;NA;NA;NA;NA;NA;NA;NA;NA;NA;NA;NA;NA;NA;NA;NA;NA;NA;NA;NA;NA;NA;NA;NA;NA;NA;NA;NA;NA;NA;NA;NA;NA;NA;NA;NA;NA;NA;NA;NA;NA;NA;NA;NA;NA;NA;NA;NA;NA;NA;NA;NA;NA;NA;NA;NA;NA;NA;NA;NA;NA;NA;NA;NA;NA;NA;NA;NA;NA;NA;NA;NA;NA;NA;NA;NA;NA;NA;NA;NA;NA;NA;NA;NA;NA;NA;NA;NA;NA;NA;;;
;;Family #11;p.His275Tyr;1;NA;NA;1;NA;NA;NA;NA;NA;NA;NA;NA;NA;NA;NA;NA;NA;NA;NA;NA;NA;NA;NA;NA;NA;NA;NA;NA;NA;NA;NA;NA;NA;NA;NA;NA;NA;NA;NA;NA;NA;NA;NA;NA;NA;NA;NA;NA;NA;NA;NA;NA;NA;NA;NA;NA;NA;NA;NA;NA;NA;NA;NA;NA;NA;NA;NA;NA;NA;NA;NA;NA;NA;NA;NA;NA;NA;NA;NA;NA;NA;NA;NA;NA;NA;NA;NA;NA;NA;NA;NA;NA;NA;;;
;;Family #14/#15;p.Pro332Ser;1;NA;NA;1;NA;NA;NA;NA;NA;NA;NA;NA;NA;NA;NA;NA;NA;NA;NA;NA;NA;NA;NA;NA;NA;NA;NA;NA;NA;NA;NA;NA;NA;NA;NA;NA;NA;NA;NA;NA;NA;NA;NA;NA;NA;NA;NA;NA;NA;NA;NA;NA;NA;NA;NA;NA;NA;NA;NA;NA;NA;NA;NA;NA;NA;NA;NA;NA;NA;NA;NA;NA;NA;NA;NA;NA;NA;NA;NA;NA;NA;NA;NA;NA;NA;NA;NA;NA;NA;NA;NA;NA;NA;;;
;;Japanese family 1;p.Gly48Arg;1;NA;NA;1;NA;NA;NA;NA;NA;NA;NA;NA;NA;NA;NA;NA;NA;NA;NA;NA;NA;NA;NA;NA;NA;NA;NA;NA;NA;NA;NA;NA;NA;NA;NA;NA;NA;NA;NA;NA;NA;NA;NA;NA;NA;NA;NA;NA;NA;NA;NA;NA;NA;NA;NA;NA;NA;NA;NA;NA;NA;NA;NA;NA;NA;NA;NA;NA;NA;NA;NA;NA;NA;NA;NA;NA;NA;NA;NA;NA;NA;NA;NA;NA;NA;NA;NA;NA;NA;NA;NA;NA;NA;;;
;;Japanese family 2/3;p.Lys118Met;1;NA;NA;1;NA;NA;NA;NA;NA;NA;NA;NA;NA;NA;NA;NA;NA;NA;NA;NA;NA;NA;NA;NA;NA;NA;NA;NA;NA;NA;NA;NA;NA;NA;NA;NA;NA;NA;NA;NA;NA;NA;NA;NA;NA;NA;NA;NA;NA;NA;NA;NA;NA;NA;NA;NA;NA;NA;NA;NA;NA;NA;NA;NA;NA;NA;NA;NA;NA;NA;NA;NA;NA;NA;NA;NA;NA;NA;NA;NA;NA;NA;NA;NA;NA;NA;NA;NA;NA;NA;NA;NA;NA;;;
;;Japanese family 4;p.Glu241Lys;1;NA;NA;1;1;1;NA;1;NA;NA;NA;NA;NA;NA;NA;NA;NA;NA;NA;NA;NA;NA;NA;NA;NA;NA;NA;NA;NA;NA;NA;NA;NA;NA;NA;NA;NA;NA;NA;NA;NA;NA;NA;NA;NA;NA;NA;NA;NA;NA;NA;NA;NA;NA;NA;NA;NA;NA;NA;NA;NA;NA;NA;NA;NA;NA;NA;NA;NA;NA;NA;NA;NA;NA;NA;NA;NA;NA;NA;NA;NA;NA;NA;NA;NA;NA;NA;NA;NA;NA;NA;NA;NA;;;
;;Japanese family 5;p.Leu299Val;1;NA;NA;1;NA;NA;NA;NA;NA;NA;NA;NA;NA;NA;NA;NA;NA;NA;NA;NA;NA;NA;NA;NA;NA;NA;NA;NA;NA;NA;NA;NA;NA;NA;NA;NA;NA;NA;NA;NA;NA;NA;NA;NA;NA;NA;NA;NA;NA;NA;NA;NA;NA;NA;NA;NA;NA;NA;NA;NA;NA;NA;NA;NA;NA;NA;NA;NA;NA;NA;NA;NA;NA;NA;NA;NA;NA;NA;NA;NA;NA;NA;NA;NA;NA;NA;NA;NA;NA;NA;NA;NA;NA;;;
;;Scandinavian family;p.Val370Ala;1;NA;NA;1;NA;NA;NA;NA;NA;NA;NA;NA;NA;NA;NA;NA;NA;NA;NA;NA;NA;NA;NA;NA;NA;NA;NA;NA;NA;NA;NA;NA;NA;NA;NA;NA;NA;NA;NA;NA;NA;NA;NA;NA;NA;NA;NA;NA;NA;NA;NA;NA;NA;NA;NA;NA;NA;NA;NA;NA;NA;NA;NA;NA;NA;NA;NA;NA;NA;NA;NA;NA;NA;NA;NA;NA;NA;NA;NA;NA;NA;NA;NA;NA;NA;NA;NA;NA;NA;NA;NA;NA;NA;;;
;;Family 12/1135;p.Pro70Leu;0;NA;NA;0;NA;NA;NA;NA;NA;NA;1;NA;NA;NA;1;NA;NA;NA;NA;NA;NA;NA;NA;NA;NA;NA;NA;NA;NA;NA;NA;NA;NA;NA;NA;NA;NA;NA;NA;NA;NA;NA;NA;NA;NA;NA;NA;NA;NA;NA;NA;NA;NA;NA;NA;NA;NA;NA;NA;NA;NA;NA;NA;NA;NA;NA;NA;NA;NA;NA;NA;NA;NA;NA;NA;NA;NA;NA;NA;NA;NA;NA;NA;NA;NA;NA;NA;NA;NA;NA;NA;NA;NA;;;
;;Family K;p.Ala85Val;1;NA;NA;1;1;NA;NA;NA;1;NA;1;NA;NA;NA;1;NA;NA;NA;NA;NA;NA;NA;NA;NA;NA;NA;NA;NA;NA;NA;NA;NA;NA;NA;NA;NA;NA;NA;NA;NA;NA;1;NA;NA;NA;NA;NA;NA;NA;NA;NA;NA;NA;NA;NA;NA;NA;NA;NA;NA;NA;NA;NA;NA;NA;NA;NA;NA;NA;NA;NA;NA;NA;NA;NA;NA;NA;NA;NA;NA;NA;NA;NA;NA;NA;NA;NA;NA;NA;NA;NA;1;NA;;;
;;Patient O1;p.GLn59Arg;0;0;1;NA;NA;1;1;NA;NA;0;1;1;1;0;1;0;0;1;0;0;0;1;0;NA;NA;0;0;0;0;1;0;1;1;0;1;0;0;NA;NA;0;0;NA;0;0;0;0;0;0;NA;NA;0;0;0;1;0;0;0;0;0;0;0;1;NA;NA;NA;NA;NA;0;0;0;0;1;1;0;0;NA;NA;NA;NA;NA;NA;NA;NA;NA;NA;NA;NA;NA;NA;NA;NA;NA;NA;;;
;;Patient O2;p.Thr203Met;0;1;1;NA;NA;1;1;NA;NA;0;1;1;1;0;1;1;0;1;1;0;0;1;0;NA;NA;0;0;1;1;0;0;0;0;0;1;0;0;NA;NA;1;0;NA;0;1;1;0;0;0;NA;NA;0;0;0;0;0;0;0;0;0;0;0;0;NA;NA;NA;NA;NA;0;0;0;0;1;0;0;0;NA;NA;NA;NA;NA;NA;NA;NA;NA;NA;NA;NA;NA;NA;NA;NA;1;NA;;;
;;Korean family;p.Met305Thr;0;NA;NA;1;0;NA;NA;NA;NA;0;0;0;0;0;0;0;0;0;0;0;0;0;0;NA;NA;0;0;0;0;0;0;0;0;0;0;0;0;0;NA;0;0;NA;0;0;0;0;0;0;NA;NA;0;0;0;0;0;0;0;0;0;0;0;0;NA;NA;NA;NA;NA;0;0;0;0;0;0;0;0;NA;NA;NA;NA;NA;NA;NA;NA;NA;NA;NA;NA;NA;NA;NA;NA;NA;NA;;;
;;Dutch family 1;p.Thr278Ile;1;NA;NA;1;NA;NA;NA;NA;NA;NA;NA;NA;NA;NA;NA;NA;NA;NA;NA;NA;NA;NA;NA;NA;NA;NA;NA;NA;NA;NA;NA;NA;NA;NA;NA;NA;NA;NA;NA;NA;NA;NA;NA;NA;NA;NA;NA;NA;NA;NA;NA;NA;NA;NA;NA;NA;NA;NA;NA;NA;NA;NA;NA;NA;NA;NA;NA;NA;NA;NA;NA;NA;NA;NA;NA;NA;NA;NA;NA;NA;NA;NA;NA;NA;NA;NA;NA;NA;NA;NA;NA;NA;NA;;;
;;Dutch family 2;p.Asp51Asn;1;NA;NA;1;NA;NA;NA;NA;NA;NA;NA;NA;NA;NA;NA;NA;NA;NA;NA;NA;NA;NA;NA;NA;NA;NA;NA;NA;NA;NA;NA;NA;NA;NA;NA;NA;NA;NA;NA;NA;NA;NA;NA;NA;NA;NA;NA;NA;NA;NA;NA;NA;NA;NA;NA;NA;NA;NA;NA;NA;NA;NA;NA;NA;NA;NA;NA;NA;NA;NA;NA;NA;NA;NA;NA;NA;NA;NA;NA;NA;NA;NA;NA;NA;NA;NA;NA;NA;NA;NA;NA;NA;NA;;;
;;Family S840;p.Lys118Asn;1;NA;NA;1;NA;NA;NA;NA;NA;NA;NA;NA;NA;NA;NA;NA;NA;NA;NA;NA;NA;NA;NA;NA;NA;NA;NA;NA;NA;NA;NA;NA;NA;NA;NA;NA;NA;NA;NA;NA;NA;NA;NA;NA;NA;NA;NA;NA;NA;NA;NA;NA;NA;NA;NA;NA;NA;NA;NA;NA;NA;NA;NA;NA;NA;NA;NA;NA;NA;NA;NA;NA;NA;NA;NA;NA;NA;NA;NA;NA;NA;NA;NA;NA;NA;NA;NA;NA;NA;NA;NA;NA;NA;;;
;;Family S582;p.Glu241Lys;1;NA;NA;1;NA;NA;NA;NA;NA;NA;NA;NA;NA;NA;NA;NA;NA;NA;NA;NA;NA;NA;NA;NA;NA;NA;NA;NA;NA;NA;NA;NA;NA;NA;NA;NA;NA;NA;NA;NA;NA;NA;NA;NA;NA;NA;NA;NA;NA;NA;NA;NA;NA;NA;NA;NA;NA;NA;NA;NA;NA;NA;NA;NA;NA;NA;NA;NA;NA;NA;NA;NA;NA;NA;NA;NA;NA;NA;NA;NA;NA;NA;NA;NA;NA;NA;NA;NA;NA;NA;NA;NA;NA;;;
;;Family KNUF21;p.Asp187His;1;NA;NA;1;NA;NA;NA;NA;NA;NA;NA;NA;NA;NA;NA;NA;NA;NA;NA;NA;NA;NA;NA;NA;NA;NA;NA;NA;NA;NA;NA;NA;NA;NA;NA;NA;NA;NA;NA;NA;NA;NA;NA;NA;NA;NA;NA;NA;NA;NA;NA;NA;NA;NA;NA;NA;NA;NA;NA;NA;NA;NA;NA;NA;NA;NA;NA;NA;NA;NA;NA;NA;NA;NA;NA;NA;NA;NA;NA;NA;NA;NA;NA;NA;NA;NA;NA;NA;NA;NA;NA;NA;NA;;;
;;;;;;;;;;;;;;;;;;;;;;;;;;;;;;;;;;;;;;;;;;;;;;;;;;;;;;;;;;;;;;;;;;;;;;;;;;;;;;;;;;;;;;;;;;;;;;;;;;;
;Other/Fimbrin binding;;;;;;;;;;;;;;;;;;;;;;;;;;;;;;;;;;;;;;;;;;;;;;;;;;;;;;;;;;;;;;;;;;;;;;;;;;;;;;;;;;;;;;;;;;;;;;;;;;
;;Family MSUDF1;p.Thr89Ile;1;0;0;1;NA;NA;NA;NA;NA;0;0;0;0;0;0;0;0;NA;NA;0;0;0;0;NA;NA;0;0;0;0;0;0;0;0;0;0;0;0;NA;NA;0;0;NA;0;0;0;0;0;0;NA;NA;0;0;0;0;0;0;0;0;0;0;0;0;NA;NA;NA;NA;NA;0;0;0;0;0;0;0;0;NA;NA;NA;NA;NA;NA;NA;NA;NA;NA;NA;NA;NA;NA;NA;NA;NA;NA;;;
;;Family 1250;p.Lys118Met;1;0;0;1;NA;NA;NA;NA;NA;0;0;0;0;0;0;0;0;NA;NA;0;0;0;0;NA;NA;0;0;0;0;0;0;0;0;0;0;0;0;NA;NA;0;0;NA;0;0;0;0;0;0;NA;NA;0;0;0;0;0;0;0;0;0;0;0;0;NA;NA;NA;NA;NA;0;0;0;0;0;0;0;0;NA;NA;NA;NA;NA;NA;NA;NA;NA;NA;NA;NA;NA;NA;NA;NA;NA;NA;;;
;;;;;;;;;;;;;;;;;;;;;;;;;;;;;;;;;;;;;;;;;;;;;;;;;;;;;;;;;;;;;;;;;;;;;;;;;;;;;;;;;;;;;;;;;;;;;;;;;;;
;Other/Myosin binding;;;;;;;;;;;;;;;;;;;;;;;;;;;;;;;;;;;;;;;;;;;;;;;;;;;;;;;;;;;;;;;;;;;;;;;;;;;;;;;;;;;;;;;;;;;;;;;;;;
;;Family 1320;p.Pro332Ala;1;0;0;1;NA;NA;NA;NA;NA;0;0;0;0;0;0;0;0;NA;NA;0;0;0;0;NA;NA;0;0;0;0;0;0;0;0;0;0;0;0;NA;NA;0;0;NA;0;0;0;0;0;0;NA;NA;0;0;0;0;0;0;0;0;0;0;0;0;NA;NA;NA;NA;NA;0;0;0;0;0;0;0;0;NA;NA;NA;NA;NA;NA;NA;NA;NA;NA;NA;NA;NA;NA;NA;NA;NA;NA;;;
;;;;;;;;;;;;;;;;;;;;;;;;;;;;;;;;;;;;;;;;;;;;;;;;;;;;;;;;;;;;;;;;;;;;;;;;;;;;;;;;;;;;;;;;;;;;;;;;;;;
;;Total (n=34);;24;3;5;31;6;4;2;2;4;5;7;6;7;0;9;1;0;7;1;0;0;2;0;0;0;0;0;1;2;1;0;1;1;0;2;0;0;0;0;1;0;1;0;2;2;0;0;0;0;0;0;0;0;1;0;0;0;0;0;0;0;1;0;0;0;0;1;0;0;0;0;2;1;0;0;0;0;0;0;0;0;0;0;0;0;0;0;0;0;0;0;2;0;;;
;;Percentages;;70,58823529;0,088235294;0,147058824;0,911764706;0,176470588;0,117647059;0,058823529;0,058823529;0,117647059;0,147058824;0,205882353;0,176470588;0,205882353;0;0,264705882;0,029411765;0;0,205882353;0,029411765;0;0;0,058823529;0;0;0;0;0;0,029411765;0,058823529;0,029411765;0;0,029411765;0,029411765;0;0,058823529;0;0;0;0;0,029411765;0;0,029411765;0;0,058823529;0,058823529;0;0;0;0;0;0;0;0;0,029411765;0;0;0;0;0;0;0;0,029411765;0;0;0;0;0,029411765;0;0;0;0;0,058823529;0,029411765;0;0;0;0;0;0;0;0;0;0;0;0;0;0;0;0;0;0;0,058823529;0;;;
