Category,Id,Protein,High frequency hearing loss,Short stature, microcephaly, hearing loss,  ID,Developmental delay (Global), Motor Delay,Speech delay, seizures, trigonocephaly, coloboma, hypertelorism, high arched eyebrows,Hypertrichosis, congenital ptosis,Epicanthus,Telecanthus, pachygyria,"Other brain MRI abnormalities (i.e. brain atrophy, corpus callosum agenesis, hydrocephalus, white matter leasions, periventricular nodular heterotopias).",Long eyelashes,Deeply set eyes,Broad/wide nasal bridge/ tip,Bulbous nose,Failure to thrive,Feeding Difficulties,Prominent eyes/proptosis,Down slanting eyebrows,Mid face hypoplasia,Low set ears,Dysplastic ears,Small ears with overfolded helices/prominent helix,Long philtrum,Smooth philtrum,Thin lips,Pointed/small chin,Pterygium colli/webbed neck,Retrognatia/micrognathia,Kypho/scoliotic posture,Joint laxity,Clinodactyly,Tapering digits, Hernia,High palate,Cleft lip,Cleft palate,Transverse right palmar crease/deep oakmar creases,Pectus excavatum/pectus deformity,Radial abnormalities (fingers/toes),Hypotonia,Dystonia,Frontal bossing,Scaphocephaly,Bitemporal narrowing,Prominence of metopic suture/ridge,Large anterior fontanelle,High anterior hairline,Low anterior hairline,Low posterior hairline,Sparse eyebrows,Flaired and straight eyebrows,Synophris,Upslanting/long palpebral fissures,"Heart defects (Other then ASD, VSD or PDA)",ASD,VSD,Cardiomegaly,Persistent Embryonic Sructures,Large squared nose tip,upturned nose,Prominent nasal root on profile,Thin upper lip,Large/wide mouth,tented upper lip with downturned corners,Thick/prominent/everted lower lip,Prominent cheeks,Autism Spectrum disorder,ADHD/ADD,"Other Psychiatric diagnosis (shizofrenia, depression, other, not autism, or ADHD/ADD)","Behavioral abnormalities (tantrums, auto mutulation)",Horseshoe kidney,Renal Cysts,Other Renal abnormality,Cryptorchidism,Recurrent infections,Photosensitivity,Polyarthralgia,Hepatomegaly,Hypothyroidism,Leukocytose,Trombocytopenie,Asthma,Strabismus,Growth hormone deficiency
Gain Of Function,61456,p.Arg196Cys,0,0,0,0,0,0,0,0,1,1,0,1,1,0,1,0,0.0,1,0,0,0,0,0,0,0,0,0,0,0,0,0,0,0,0,0,0,0,0,0,0,0,0,0,0,0,0,0,0,0,0,0,0,0,0,0,0,0,0,0,0,0,0,0,0,0,0.0,0,0,0,0,0,0,0,0.0,0,0,0,0,0,0,0,0,0,0,0.0,0.0,0.0,0,0,0,0,0,0
Gain Of Function,58248,p.Arg196His,0,0,0,0,1,1,0,0,0,0,1,0,1,0,1,0,0.0,0,1,0,0,0,0,0,0,0,0,0,0,0,0,1,0,0,0,1,0,1,0,0,0,0,0,0,0,0,0,0,0,0,0,0,0,0,0,0,0,0,0,0,0,0,0,0,0,0.0,0,1,0,0,0,0,1,0.0,0,0,0,0,0,0,0,0,0,0,0.0,0.0,0.0,0,0,0,0,0,0
Gain Of Function,59169,p.Arg196His,0,1,1,0,1,0,0,0,1,0,0,1,1,0,1,0,0.0,1,0,0,0,0,0,0,0,0,0,0,0,0,0,0,0,0,0,0,0,0,0,0,0,0,0,0,0,0,0,0,0,0,0,0,0,0,0,0,0,0,0,0,0,0,0,0,0,0.0,0,0,0,0,0,0,0,0.0,0,0,0,0,0,0,0,0,0,0,0.0,0.0,0.0,0,0,0,0,0,0
Gain Of Function,LR04-173,p.Arg196His,0,1,1,1,1,0,0,0,1,1,1,1,1,0,1,0,0.0,1,0,0,0,0,0,0,0,0,0,0,0,0,0,0,0,0,0,0,0,0,0,0,0,0,0,0,0,0,0,0,0,0,0,0,0,0,0,0,0,0,0,0,0,0,0,0,0,0.0,0,0,0,0,0,0,0,0.0,0,0,0,0,0,0,0,0,0,0,0.0,0.0,0.0,0,0,0,0,0,0
Gain Of Function,LR09-079,p.Arg196His,0,1,1,0,1,0,0,0,1,1,1,1,1,0,1,0,0.0,1,0,0,0,0,0,0,0,0,0,0,0,0,0,0,0,0,0,0,0,0,0,0,0,0,0,0,0,0,0,0,0,0,0,0,0,0,0,0,0,0,0,0,0,0,0,0,0,0.0,0,0,0,0,0,0,0,0.0,0,0,0,0,0,0,0,0,0,0,0.0,0.0,0.0,0,0,0,0,0,0
Gain Of Function,LR06-298,p.Arg196His,0,1,0,1,1,0,0,0,1,1,1,1,1,0,1,0,0.0,1,0,0,0,0,0,0,0,0,0,0,0,0,0,0,0,0,0,0,0,0,0,0,0,0,0,0,0,0,0,0,0,0,0,0,0,0,0,0,0,0,0,0,0,0,0,0,0,0.0,0,0,0,0,0,0,0,0.0,0,0,0,0,0,0,0,0,0,0,0.0,0.0,0.0,0,0,0,0,0,0
Gain Of Function,11-11287,p.Arg196His,0,0,0,0,1,0,0,0,1,1,0,1,1,0,1,0,0.0,1,0,0,0,0,0,0,0,0,0,0,0,0,0,0,0,0,0,0,0,0,0,0,0,0,0,0,0,0,0,0,0,0,0,0,0,0,0,0,0,0,0,0,0,0,0,0,0,0.0,0,0,0,0,0,0,0,0.0,0,0,0,0,0,0,0,0,0,0,0.0,0.0,0.0,0,0,0,0,0,0
Gain Of Function,11-10211,p.Arg196His,0,0,0,1,1,0,0,0,1,1,0,1,1,0,1,0,0.0,0,0,0,0,0,0,0,0,0,0,0,0,0,0,0,0,0,0,0,0,0,0,0,0,0,0,0,0,0,0,0,0,0,0,0,0,0,0,0,0,0,0,0,0,0,0,0,0,0.0,0,0,0,0,0,0,0,0.0,0,0,0,0,0,0,0,0,0,0,0.0,0.0,0.0,0,0,0,0,0,0
Gain Of Function,ID4778,Duplication 7p22.1-p22.3 ,0,0,0,0,0,1,1,1,0,0,0,0,0,0,0,0,0.0,0,0,0,0,0,1,0,0,0,0,0,0,0,0,0,1,0,0,0,0,0,0,0,0,0,1,0,0,0,0,0,0,0,0,0,0,0,0,0,0,0,0,0,0,0,0,0,0,0.0,0,0,0,0,0,1,0,0.0,0,0,0,0,0,0,0,0,0,0,0.0,0.0,0.0,0,0,0,0,0,0
Other,LP90-050,p.Leu65Val,0,1,1,0,1,0,0,0,0,1,1,1,1,0,1,0,0.0,1,0,0,0,0,0,0,0,0,0,0,0,0,0,0,0,0,0,0,0,0,0,0,0,0,0,0,0,0,0,0,0,0,0,0,0,0,0,0,0,0,0,0,0,0,0,0,0,0.0,0,0,0,0,0,0,0,0.0,0,0,0,0,0,0,0,0,0,0,0.0,0.0,0.0,0,0,0,0,0,0
Other,B23/ B29,p.Gly74Ser,0,1,1,0,1,0,0,1,1,1,1,1,1,0,1,0,0.0,1,0,0,0,0,0,0,0,0,0,0,0,0,0,0,0,0,0,0,0,0,0,0,0,0,0,1,1,0,0,0,0,0,0,0,0,0,0,0,0,0,0,0,0,0,0,0,1,0.0,1,0,0,0,0,0,0,0.0,0,0,0,0,0,0,0,0,0,0,0.0,0.0,0.0,0,0,0,0,0,0
Other,B31,p.Glu117Lys,0,1,1,1,1,1,1,1,0,0,0,1,0,1,1,0,0.0,0,0,1,1,1,0,1,0,0,0,0,0,0,0,0,0,0,0,0,0,0,0,1,0,0,0,0,0,0,0,0,0,0,0,0,0,1,0,0,1,0,0,0,0,1,1,0,0,0.0,0,0,1,0,0,1,0,0.0,0,0,0,0,0,0,0,0,0,0,0.0,0.0,0.0,0,0,0,0,0,0
Other,B22/B32,p.Thr120Ile,0,0,0,0,0,0,0,0,0,0,1,1,1,0,1,0,0.0,1,1,0,0,1,0,0,0,1,0,0,1,1,0,0,0,0,0,1,1,0,0,0,0,0,1,0,0,0,0,0,0,0,0,0,0,0,0,0,0,1,0,0,0,0,0,0,0,0.0,0,0,0,0,0,1,1,0.0,0,0,0,0,0,0,0,0,0,0,0.0,0.0,0.0,0,0,0,0,0,0
Other,Patient S1,p.Pro70Ala,0,1,0,0,1,1,1,1,0,0,0,1,0,0,1,1,0.0,0,1,0,0,1,0,0,0,0,0,0,0,0,1,0,1,0,0,0,0,0,0,0,0,0,0,0,0,1,0,0,0,0,0,0,0,0,0,0,0,0,0,0,0,0,0,0,0,0.0,0,0,0,0,1,0,0,0.0,0,0,0,0,0,0,0,0,1,0,0.0,0.0,0.0,0,0,0,0,0,0
Other,Patient R,p.Gln59Arg,0,0,0,0,0,0,0,0,0,0,0,0,0,0,0,0,0.0,0,0,0,0,0,0,0,0,0,0,0,0,0,0,0,0,0,0,0,0,0,0,0,0,0,0,0,0,0,0,0,0,0,0,0,0,0,0,0,0,0,0,0,0,0,0,0,0,0.0,0,0,0,0,0,0,0,0.0,0,0,0,0,0,0,0,0,0,0,0.0,0.0,0.0,0,0,0,0,0,0
Other,Patient P,p.Arg183Trp,0,0,0,1,0,1,0,1,0,0,0,1,0,0,0,0,0.0,0,0,0,0,0,0,0,0,0,0,0,0,0,0,0,0,0,0,0,0,0,0,0,0,0,0,1,1,0,0,0,0,1,0,0,0,0,0,0,0,0,0,0,0,0,0,0,0,0.0,0,0,0,0,0,0,0,0.0,0,0,0,0,0,0,0,0,0,0,0.0,0.0,0.0,0,0,0,0,0,0
Other,Patient 1C,p.Arg183Trp,0,0,0,1,1,1,1,1,0,0,0,0,0,0,0,0,0.0,0,0,0,0,0,0,0,0,0,0,0,0,0,0,0,0,0,0,0,0,0,0,0,0,0,0,0,0,0,0,0,0,1,0,0,0,0,0,0,0,0,0,0,0,0,0,0,0,0.0,0,0,0,0,0,0,0,0.0,0,0,0,0,0,0,0,0,0,0,0.0,0.0,0.0,0,0,0,0,0,0
Other,P1,p.Met313Arg,0,0,1,0,0,1,0,0,0,0,0,0,0,0,0,1,0.0,0,0,1,1,1,0,0,0,0,0,0,0,0,0,0,0,0,1,0,0,0,0,0,0,0,1,1,0,0,0,0,0,0,0,0,0,0,0,0,0,0,0,1,0,0,0,0,0,0.0,1,0,0,0,0,0,0,0.0,0,0,0,0,0,0,0,0,0,0,0.0,0.0,0.0,0,1,1,0,0,0
Other,P2 (father of P1),p.Met313Arg,0,0,0,0,0,0,0,0,0,0,0,0,0,0,0,0,0.0,0,0,0,0,1,0,0,0,0,0,0,0,0,0,0,0,0,0,0,0,0,0,0,0,0,0,0,0,0,0,0,0,0,0,0,0,0,0,0,0,0,0,1,1,0,0,0,0,0.0,0,0,0,0,0,0,0,0.0,0,0,0,0,0,0,0,0,0,0,0.0,0.0,0.0,0,0,1,0,0,0
Other,P6,p.Ser368Leu_fs*13,0,1,1,0,0,1,1,1,0,0,0,0,0,0,0,1,0.0,0,1,0,0,1,0,0,0,0,0,0,0,0,1,0,0,1,0,0,0,0,0,0,0,0,0,0,0,0,0,0,0,0,0,0,0,0,0,0,0,0,0,1,1,0,0,0,0,0.0,0,0,0,0,0,0,0,0.0,0,0,0,0,0,0,0,0,0,0,0.0,0.0,0.0,0,0,1,0,1,0
N-terminus,Patient B11,p.Asn12His,0,0,0,0,0,0,0,0,0,0,1,1,1,0,0,0,0.0,0,0,0,0,0,0,0,0,0,0,0,0,0,0,1,0,1,0,0,0,0,0,0,0,0,0,0,0,0,0,0,0,0,0,0,0,0,0,1,0,0,0,0,0,0,0,0,0,0.0,0,0,1,0,1,0,0,1.0,0,0,0,0,0,0,0,0,0,0,0.0,0.0,0.0,0,0,0,0,0,0
N-terminus,LP98-085,p.Asn12Asp,0,1,0,1,1,0,0,0,1,1,1,1,0,0,1,0,0.0,1,1,0,0,0,0,0,0,0,0,0,1,0,0,0,0,0,1,0,0,0,0,0,0,0,0,0,0,0,0,0,0,0,1,0,0,1,0,1,0,0,0,0,0,0,0,0,0,0.0,0,0,1,1,1,1,0,1.0,0,0,0,0,0,0,0,0,0,0,0.0,0.0,0.0,0,0,0,0,0,0
N-terminus,P3,p.Ala331Val_fs*27 --> ,0,0,1,0,0,1,0,1,0,0,0,0,0,0,0,0,0.0,0,0,0,0,0,0,0,0,0,0,0,0,0,0,0,0,0,0,0,0,0,0,0,0,0,0,0,0,0,0,0,0,0,0,0,0,0,0,0,0,0,0,1,0,1,0,0,0,0.0,0,1,0,0,1,0,0,0.0,0,0,0,0,0,0,0,0,0,0,0.0,0.0,0.0,0,0,1,0,0,0
N-terminus,P4 (mother P3),p.(Ala331Val_fs*27),0,0,1,0,0,0,0,0,0,0,0,0,0,0,0,0,1.0,0,0,0,1,0,1,0,0,0,0,0,0,0,0,0,0,0,0,0,0,0,0,0,0,0,0,0,0,0,0,0,0,0,0,0,0,0,0,0,0,0,0,1,1,1,0,0,0,0.0,0,0,0,0,1,1,0,0.0,0,0,0,0,0,0,0,0,0,0,0.0,0.0,0.0,0,0,1,0,0,0
N-terminus,P5,p.(Ser338_Ile341del),0,0,1,0,0,1,0,1,0,0,0,0,0,0,0,1,1.0,0,0,0,0,1,0,0,0,0,0,0,0,0,0,0,0,0,0,0,0,0,0,0,0,0,0,0,0,0,0,0,0,0,0,0,0,0,0,0,0,0,0,1,0,0,0,0,0,0.0,0,0,0,0,1,0,0,0.0,0,0,0,0,0,0,0,0,0,0,0.0,0.0,0.0,0,1,1,0,0,0
N-terminus,Patient N,p.Glu364Lys,0,1,0,0,1,0,0,0,0,0,0,0,0,0,0,0,0.0,0,0,0,0,0,0,0,0,0,0,0,0,0,0,0,0,0,0,0,0,0,0,0,0,0,0,0,0,0,0,0,0,0,0,0,0,0,0,0,0,0,0,0,0,0,0,0,0,1.0,0,0,0,0,0,0,0,0.0,0,0,0,0,0,0,0,0,0,1,1.0,1.0,1.0,1,0,0,0,0,0
N-terminus,Patient S2,p.Leu171Phe,0,0,0,0,0,1,1,0,0,0,0,0,0,0,0,0,1.0,0,1,0,1,1,0,0,0,0,0,1,0,0,0,0,0,0,0,0,1,0,1,1,1,0,0,0,1,0,0,0,0,0,0,0,0,1,0,0,0,0,0,0,0,0,0,0,0,0.0,0,0,0,0,0,0,0,0.0,0,0,0,0,0,0,0,0,0,0,0.0,0.0,0.0,0,0,1,0,0,0
Loss of function,Patient P1,7p22.1 deletion (2 genes),0,1,1,0,1,0,0,0,0,0,0,0,0,0,0,0,0.0,0,0,1,0,0,0,1,0,0,0,0,0,0,0,1,0,1,1,0,0,0,1,1,0,0,0,0,0,0,0,0,1,0,1,0,1,1,1,1,0,0,1,0,0,0,0,0,0,0.0,0,0,0,0,0,0,0,0.0,0,0,0,0,0,0,0,0,0,0,0.0,0.0,0.0,0,0,0,0,1,0
Loss of function,#1,22 genes encompassed,0,1,1,0,0,1,1,0,0,0,0,1,0,0,0,0,0.0,0,0,1,0,0,0,1,0,0,0,0,1,0,0,1,0,1,1,0,0,0,0,0,0,1,0,0,0,0,0,0,0,0,1,0,0,0,0,0,0,0,1,0,0,0,0,0,0,0.0,0,0,0,0,0,0,0,0.0,0,0,0,0,0,0,0,0,0,0,0.0,0.0,0.0,0,0,0,0,0,0
Loss of function,#2,21 genes encompassed,0,1,0,0,1,0,0,0,0,0,0,0,0,0,0,0,0.0,0,0,1,0,0,0,0,0,1,1,1,0,0,0,0,0,0,0,0,0,0,0,0,0,0,1,1,1,1,1,0,0,0,0,1,0,0,0,0,0,1,0,0,0,0,0,0,0,0.0,0,0,0,0,0,0,0,0.0,0,0,0,0,0,0,0,0,0,0,0.0,0.0,0.0,0,0,0,0,0,0
Loss of function,#3,30 genes encompassed,0,1,1,0,0,1,1,0,0,0,0,0,0,0,0,0,0.0,0,0,0,0,0,0,1,1,0,0,1,0,0,0,0,0,0,1,0,0,0,0,0,0,1,0,0,0,0,0,1,0,0,0,0,0,0,0,0,0,0,0,0,0,0,0,0,0,0.0,0,0,0,0,0,0,0,0.0,0,0,0,0,0,0,0,0,0,0,0.0,0.0,0.0,0,0,0,0,0,0
Loss of function,#4,5 genes ecnompassed,0,1,1,0,1,1,0,0,0,0,0,0,0,0,0,0,0.0,0,0,0,0,0,0,0,0,0,0,0,0,0,0,0,0,0,0,0,0,0,0,0,0,0,0,0,0,0,0,0,0,0,0,0,0,0,0,0,0,0,0,0,0,0,0,0,0,0.0,0,0,0,0,0,0,0,0.0,0,0,0,0,0,0,0,0,0,0,0.0,0.0,0.0,0,0,0,0,1,0
Loss of function,#5,5 genes ecnompassed,0,1,1,0,1,1,0,0,0,0,0,0,0,0,0,0,0.0,0,0,0,0,0,0,0,0,0,0,0,0,0,0,0,0,0,0,0,0,0,0,0,0,0,0,0,0,0,0,0,0,0,0,0,0,0,0,0,0,0,0,0,0,0,0,0,0,0.0,0,0,0,0,0,0,0,0.0,0,0,0,0,0,0,0,0,0,0,0.0,0.0,0.0,0,0,0,0,1,0
Loss of function,LR11-196,Deletion 7p22.1-p22.3,0,0,0,0,0,0,0,0,0,0,0,0,0,0,0,0,0.0,0,1,0,0,0,0,0,0,0,0,0,1,1,0,0,0,0,0,0,0,0,0,0,0,1,0,0,0,0,0,0,0,0,0,0,0,0,0,0,1,0,0,0,0,0,1,0,1,0.0,0,0,0,0,0,0,0,0.0,0,0,0,0,0,0,0,0,0,0,0.0,0.0,0.0,0,0,0,0,0,0
Loss of function,LR11-333,Deletion 7p22.1-p22.2,0,0,0,0,1,1,0,0,0,0,0,0,0,0,0,0,0.0,0,0,0,0,0,0,0,0,0,0,0,0,0,0,0,0,0,0,0,0,0,0,0,0,0,0,1,1,0,0,0,0,0,0,0,0,0,0,0,0,0,0,0,0,0,0,1,0,0.0,0,0,0,0,0,0,0,0.0,0,0,0,0,0,0,0,0,0,0,0.0,0.0,0.0,0,0,0,0,0,1
Loss of function,XXIV,p.Ser368Leu_fs*Ter13,0,1,1,0,1,0,1,0,0,0,0,0,0,1,0,0,0.0,0,0,0,0,0,0,0,1,0,0,0,0,0,0,0,0,0,0,0,0,0,0,0,0,0,0,0,0,0,1,0,0,0,0,0,0,0,0,0,0,0,0,0,0,0,0,0,0,0.0,0,0,0,0,0,0,0,0.0,0,0,1,0,0,0,0,0,0,0,0.0,0.0,0.0,0,0,0,0,0,0
Loss of function,XXV,p.Lys373Ter,0,0,1,0,1,0,0,1,0,0,0,0,0,0,0,0,0.0,0,0,0,0,0,0,0,1,0,0,0,0,0,0,0,0,0,0,0,0,0,0,0,0,0,0,0,0,0,0,0,0,0,0,0,0,0,0,0,0,0,0,0,0,0,0,0,0,0.0,0,0,0,0,0,0,0,0.0,0,0,0,0,0,0,0,0,0,0,0.0,0.0,0.0,0,0,0,0,0,0
Loss of function,XXVI ,p. Leu110Arg_fs*Ter10,0,0,0,1,1,1,1,1,0,0,0,0,0,0,0,0,0.0,0,0,0,0,0,0,0,0,0,0,0,0,0,0,0,0,0,0,0,0,0,0,0,0,0,0,0,0,0,0,0,0,0,0,0,0,0,0,0,0,0,0,0,0,0,1,1,0,0.0,0,0,0,0,0,0,0,0.0,0,0,0,0,0,0,0,0,0,0,0.0,0.0,0.0,0,0,0,0,0,0
Loss of function,I,7:5151574-6745570,0,1,0,0,1,1,1,1,1,0,0,0,0,0,0,0,0.0,0,0,0,0,0,0,0,1,0,0,0,0,0,0,0,0,0,0,0,0,0,1,0,0,1,0,0,0,1,0,0,0,0,0,0,0,0,0,0,0,0,0,0,0,0,1,0,1,0.0,0,0,0,0,0,0,0,0.0,0,0,0,0,0,1,0,0,1,0,0.0,0.0,0.0,1,0,0,0,0,0
Loss of function,II,7: 5370613-6296827,0,1,0,0,1,1,1,1,0,0,0,0,0,0,0,0,0.0,0,0,0,0,0,0,0,1,0,0,0,0,0,0,0,0,0,0,0,0,1,0,0,0,1,0,0,0,0,0,0,0,0,0,0,0,0,0,0,0,0,0,0,0,0,0,0,0,0.0,0,0,0,0,0,0,0,0.0,0,0,1,0,0,0,0,1,0,0,0.0,0.0,0.0,0,0,0,1,0,1
Loss of function,III,7: 5057992- 5617869,0,1,1,0,1,0,0,1,0,0,0,0,0,0,0,0,0.0,0,0,0,0,0,0,0,0,0,0,0,0,0,0,0,0,0,0,0,0,0,0,0,0,1,0,0,0,0,0,1,0,0,0,0,0,0,0,0,0,0,0,0,0,0,0,0,0,0.0,0,0,0,0,0,0,0,0.0,0,0,1,0,1,0,0,0,1,1,0.0,0.0,0.0,0,0,0,0,0,0
Loss of function,IVa,7: 5587489-6080286,0,1,0,0,1,1,1,1,0,0,0,0,0,0,0,0,0.0,0,0,0,0,0,0,0,0,0,0,0,0,0,0,0,0,0,0,0,0,1,0,0,0,1,0,0,0,0,0,0,0,0,0,0,0,0,0,0,0,0,0,0,0,0,0,0,0,0.0,0,0,0,0,0,0,0,0.0,0,0,0,0,0,1,1,0,0,0,0.0,0.0,0.0,0,0,0,1,0,0
Loss of function,IVb,7: 5587489-6080286,0,0,0,0,0,0,0,0,0,0,0,0,0,0,0,0,0.0,0,0,0,0,0,0,0,0,0,0,0,0,0,0,0,0,0,0,0,0,0,0,0,0,1,0,0,0,0,0,0,0,0,0,0,0,0,0,0,0,0,0,0,0,0,0,0,0,0.0,0,0,0,0,0,0,0,0.0,0,0,0,0,0,1,1,0,0,0,0.0,0.0,0.0,0,0,0,0,0,0
Loss of function,V,7: 3531608-7167693,0,1,0,0,1,1,1,1,0,0,0,0,0,0,0,0,0.0,0,1,0,0,0,0,0,1,0,0,0,0,0,0,0,0,0,0,0,0,0,0,1,0,0,0,0,0,0,0,1,0,0,0,0,0,0,0,0,0,0,0,0,0,0,1,0,1,0.0,1,0,0,0,0,0,0,0.0,0,0,0,0,0,0,0,0,0,0,0.0,0.0,0.0,0,0,0,0,0,0
Loss of function,VI,7: 5592436-8416721 ,0,1,0,0,1,0,0,1,0,0,0,0,0,0,0,0,0.0,0,0,0,0,0,0,0,0,0,0,0,0,0,0,0,0,0,0,0,0,0,1,1,0,0,0,0,0,0,0,1,0,0,0,0,0,0,0,0,0,0,0,0,0,0,0,0,0,0.0,0,0,0,0,0,0,0,0.0,0,0,0,0,1,0,0,0,0,1,0.0,0.0,0.0,0,0,0,0,0,0
Loss of function,VII,7: 3861164-6213355,0,1,0,1,1,1,1,1,0,0,0,0,0,1,0,0,0.0,0,0,0,0,0,0,0,1,0,0,0,0,0,0,0,0,0,0,0,0,0,0,0,0,0,0,0,0,0,0,1,1,0,0,0,0,0,0,0,0,0,0,0,0,0,1,0,0,0.0,0,0,0,0,0,0,0,0.0,0,0,1,0,1,0,0,0,0,0,0.0,0.0,0.0,0,0,0,0,0,0
Loss of function,VIII,7: 3861164-5864755 ,0,1,1,0,1,1,1,1,0,0,0,0,0,0,0,0,0.0,0,1,0,0,0,0,0,1,0,0,0,0,0,0,0,0,0,0,0,0,0,0,0,0,0,0,0,0,0,0,0,1,0,0,0,0,0,0,0,0,0,0,0,0,0,0,0,1,0.0,0,0,0,0,0,0,0,0.0,0,0,0,0,0,0,0,0,1,0,0.0,0.0,0.0,0,0,0,0,0,1
Loss of function,IX,7: 5105131-6714753,0,1,0,0,1,1,1,1,0,0,0,0,0,0,0,0,0.0,0,1,0,0,0,0,0,1,0,0,0,0,0,0,0,0,0,0,0,0,0,0,0,0,1,0,0,0,0,0,0,1,0,0,0,0,0,0,0,0,0,0,0,0,0,1,1,0,0.0,0,0,0,0,0,0,0,0.0,0,0,0,0,0,0,0,0,0,0,0.0,0.0,0.0,0,0,0,0,0,0
Loss of function,X,7: 5399371-6871084,0,0,1,0,0,0,0,0,0,0,0,0,0,0,0,0,0.0,0,1,0,0,0,0,0,0,0,0,0,0,0,0,0,0,0,0,0,0,0,0,0,0,0,0,0,0,0,0,0,0,0,0,0,0,0,0,0,0,0,0,0,0,0,0,0,0,0.0,0,0,0,0,0,0,0,0.0,0,0,0,0,0,1,0,0,0,0,0.0,0.0,0.0,0,0,0,0,0,1
Loss of function,XII,7: 4778156-5945860 ,0,0,0,0,1,1,1,1,1,0,0,0,0,0,0,0,0.0,0,0,0,0,0,0,0,0,0,0,0,0,0,0,0,0,0,0,0,0,1,0,1,1,0,0,0,0,0,0,1,0,0,0,0,0,0,0,0,0,0,0,0,0,0,1,0,1,0.0,0,0,0,0,0,0,0,0.0,0,0,0,1,1,0,0,0,0,1,0.0,0.0,0.0,0,0,0,1,0,0
Loss of function,XIII,7: 5184455-6348344 ,0,1,1,0,1,1,1,1,0,0,0,0,0,0,0,0,0.0,0,0,0,0,0,0,0,0,0,0,0,0,0,0,0,0,0,0,0,0,0,0,0,0,0,0,0,0,0,0,0,0,0,0,0,0,0,0,0,0,0,0,0,0,0,1,0,0,0.0,0,0,0,0,0,0,0,0.0,0,0,0,0,0,0,0,0,0,0,0.0,0.0,0.0,0,0,0,0,0,0
Loss of function,XV,7: 5048743-6146825,0,1,1,0,0,0,0,0,0,0,0,0,0,0,0,0,0.0,0,0,0,0,0,0,0,0,0,0,0,0,1,0,0,0,0,0,0,1,0,0,0,0,0,0,0,0,0,0,0,0,0,0,0,0,0,0,0,0,0,0,0,0,0,0,0,0,0.0,0,0,0,0,0,0,0,0.0,0,0,0,0,0,0,0,0,0,0,0.0,0.0,0.0,0,0,0,0,0,0
Loss of function,XVI,7: 4861557-5923456,0,1,0,0,1,0,0,1,1,0,0,0,0,0,0,0,0.0,0,0,0,0,0,0,0,1,0,0,0,0,0,0,0,0,0,0,0,0,1,0,0,0,1,0,0,0,0,0,0,0,0,0,0,0,0,0,0,0,0,0,0,0,0,0,0,0,0.0,0,0,0,0,0,0,0,0.0,0,1,0,0,0,0,0,0,0,0,0.0,0.0,0.0,0,0,0,0,0,0
Loss of function,XVIIa,7: 5233021-5926631 ,0,0,1,0,0,1,1,1,0,0,0,0,0,0,0,0,0.0,0,0,0,0,0,0,0,1,0,0,0,0,0,0,0,0,0,0,0,0,0,0,1,0,0,0,0,0,0,0,0,1,0,0,0,0,0,0,0,0,0,0,0,0,0,0,0,0,0.0,0,0,0,0,0,0,0,0.0,0,0,1,1,0,0,0,0,0,1,0.0,0.0,0.0,0,0,0,0,0,0
Loss of function,XVIIb,7: 5233021-5926631 ,0,1,1,0,0,1,0,1,0,0,0,0,0,0,0,0,0.0,0,0,0,0,0,0,0,0,0,0,0,0,0,0,0,0,0,0,0,0,0,0,1,0,0,0,0,0,0,0,0,0,0,0,0,0,0,0,0,0,0,0,0,0,0,0,0,0,0.0,0,0,0,0,0,0,0,0.0,0,0,1,1,0,0,0,0,0,0,0.0,0.0,0.0,0,0,0,0,0,0
Loss of function,XVIII,7: 5370613-5925070 ,0,0,0,0,1,1,1,1,0,0,0,0,0,0,0,0,0.0,0,0,0,0,0,0,0,1,0,0,0,0,0,0,0,0,0,0,0,0,0,0,0,0,0,1,0,0,0,0,0,0,0,0,0,0,0,0,0,0,0,0,0,0,0,0,0,0,0.0,0,0,0,0,0,0,0,0.0,0,0,0,1,1,0,0,0,0,1,0.0,0.0,0.0,0,0,0,0,0,0
Loss of function,XIXa,7: 5241760-5675100 ,0,0,1,1,1,0,0,0,0,0,0,0,0,0,0,0,0.0,0,0,0,0,0,0,0,0,0,0,0,0,0,0,0,0,0,0,0,0,1,0,0,1,0,0,0,0,0,0,0,0,0,0,0,0,0,0,0,0,0,0,0,0,0,1,1,1,0.0,0,0,0,0,0,0,0,0.0,0,0,0,0,0,1,0,0,0,1,0.0,0.0,0.0,0,0,0,0,0,0
Loss of function,XIXb,7: 5241760-5675100 ,0,0,1,1,0,1,1,1,0,0,0,0,0,0,0,0,0.0,0,0,0,0,0,0,0,0,0,0,0,0,0,0,0,0,0,0,0,0,0,0,0,0,0,0,0,0,0,0,0,0,0,0,0,0,0,0,0,0,0,0,0,0,0,0,1,0,0.0,0,0,0,0,0,0,0,0.0,0,0,0,0,0,0,0,0,0,0,0.0,0.0,0.0,0,0,0,0,0,0
Loss of function,XIXc,7: 5241760-5675100 ,0,0,0,1,0,1,1,1,0,0,0,0,0,0,0,0,0.0,0,0,0,0,0,0,0,0,0,0,0,0,0,0,0,0,0,0,0,0,0,0,0,0,0,0,0,0,0,0,0,0,0,0,0,0,0,0,0,0,0,0,0,0,0,0,0,1,0.0,0,0,0,0,0,0,0,0.0,0,0,0,0,0,0,0,0,0,0,0.0,0.0,0.0,0,0,0,0,1,0
Loss of function,XIXd,7: 5241760-5675100 ,0,0,0,0,1,0,0,0,0,0,0,0,0,0,0,0,0.0,0,0,0,0,0,0,0,0,0,0,0,0,0,0,0,0,0,0,0,0,0,0,0,0,0,0,0,0,0,0,0,0,0,0,0,0,0,0,0,0,0,0,0,0,0,0,0,0,0.0,0,0,0,0,0,0,0,0.0,0,0,0,0,0,0,0,0,0,0,0.0,0.0,0.0,0,0,0,0,0,0
Loss of function,XXI,7: 5548368-5857259,0,0,1,0,1,1,1,1,0,0,0,0,0,0,0,0,0.0,0,0,0,0,0,0,0,1,0,0,0,0,0,0,0,0,0,0,0,0,1,1,0,0,0,0,0,0,0,0,0,0,0,0,0,0,0,0,0,0,0,0,0,0,0,0,0,0,0.0,0,0,0,0,0,0,0,0.0,0,1,0,0,0,0,0,0,0,0,0.0,0.0,0.0,0,0,0,0,0,0
Loss of function,XXII,7: 5359680-5568627 ,0,1,1,0,1,1,1,1,0,0,0,0,0,0,0,0,0.0,0,0,0,0,0,0,0,1,0,0,0,0,0,0,0,0,0,0,0,0,1,0,0,0,1,0,0,0,0,0,0,1,0,0,0,0,0,0,0,0,0,0,0,0,0,0,0,0,0.0,0,0,0,0,0,0,0,0.0,0,1,0,0,1,0,1,1,0,0,0.0,0.0,0.0,0,0,0,0,0,1
Loss of function,XXIII,7: 5536848-5617875 ,0,0,0,0,1,0,0,1,0,0,0,0,0,0,0,0,0.0,0,0,0,0,0,0,0,0,0,0,0,0,0,0,0,0,0,0,0,0,0,0,0,0,1,1,0,0,0,0,0,0,0,0,0,0,0,0,0,0,0,0,0,0,0,0,0,0,0.0,0,0,0,0,0,0,0,0.0,0,0,0,1,0,0,0,0,0,0,0.0,0.0,0.0,0,0,0,0,0,0
Loss of function,Patient 1B,?,0,0,0,0,0,1,1,1,1,0,0,0,0,0,0,0,0.0,0,0,0,0,1,0,0,0,0,0,0,0,0,0,0,0,0,0,0,0,0,0,0,0,0,0,0,0,0,0,0,0,0,0,0,0,0,0,0,0,0,0,0,0,0,0,0,0,0.0,0,0,0,0,0,1,0,0.0,1,0,1,0,0,0,0,0,0,0,0.0,0.0,0.0,0,0,0,0,0,0
Loss of function,Patient 2B (mother 1B),?,0,0,0,0,0,0,0,0,0,0,0,0,0,0,0,0,0.0,0,0,0,0,1,0,0,0,0,0,0,0,0,0,0,0,0,0,0,0,0,0,0,0,0,0,0,0,0,0,0,0,0,0,0,0,0,0,0,0,0,0,0,0,0,0,0,0,0.0,0,0,0,0,0,1,0,0.0,1,0,0,0,0,0,0,0,0,0,0.0,0.0,0.0,0,0,0,0,0,0
Loss of function,Patient 3B,p.Thr297Serfs*37,0,0,0,0,0,1,1,1,0,0,0,0,0,0,0,0,0.0,0,0,0,1,1,0,0,0,0,0,0,0,0,0,0,0,0,1,0,0,0,0,1,0,0,0,0,0,0,0,0,0,0,0,0,0,0,0,0,0,0,0,0,0,0,0,0,0,0.0,1,0,0,0,0,0,0,0.0,0,0,0,0,0,0,0,0,0,0,0.0,0.0,0.0,0,0,0,0,0,0
Loss of function,Patient 4B,Gly302Ala,0,0,0,0,1,1,1,1,0,0,0,0,0,0,0,0,0.0,0,0,0,1,1,0,0,0,0,0,0,0,0,0,0,0,0,0,0,0,0,0,0,0,0,0,0,0,0,0,0,0,0,0,0,0,0,0,0,0,0,0,0,0,0,0,0,0,0.0,0,0,0,0,0,0,0,0.0,0,0,1,0,0,0,0,0,0,0,0.0,0.0,0.0,0,0,0,0,1,0
Loss of function,XI,7: 5370746-6781213 ,0,0,0,0,1,1,1,1,1,0,0,0,0,0,0,0,0.0,0,0,0,0,0,0,0,1,0,0,0,0,0,0,0,0,0,0,0,0,0,0,0,0,0,0,0,0,0,0,1,1,0,0,0,0,0,0,0,0,0,0,0,0,0,0,0,0,0.0,0,0,0,0,0,0,0,0.0,0,1,0,0,0,0,0,0,0,0,0.0,0.0,0.0,0,0,0,0,0,0
Loss of function,XIV,7: 5151474-6296948,0,0,0,1,1,1,1,1,0,0,0,0,0,0,0,0,0.0,0,0,0,0,0,0,0,1,0,0,0,0,0,0,0,0,0,0,0,1,0,0,0,0,0,0,0,0,1,0,1,1,0,0,0,0,0,0,0,0,0,0,0,0,0,0,0,0,0.0,0,0,0,0,0,0,0,0.0,0,1,0,0,0,0,0,0,0,0,0.0,0.0,0.0,0,0,0,0,0,0
Loss of function,XXa,7: 5492967-5864851 ,0,1,1,1,1,1,1,1,0,0,0,0,0,0,0,0,0.0,0,1,0,0,0,0,0,1,0,0,0,0,0,0,0,0,0,0,0,0,0,0,0,0,0,0,0,0,0,0,0,1,0,0,0,0,0,0,0,0,0,0,0,0,0,0,0,0,0.0,0,0,0,0,0,0,0,0.0,0,0,1,0,0,0,0,0,0,0,0.0,0.0,0.0,0,0,0,0,0,0
Loss of function,XXb,7: 5492967-5864851 ,0,1,1,1,0,1,1,1,0,0,0,0,0,0,0,0,0.0,0,0,0,0,0,0,0,0,0,0,0,0,0,0,0,0,0,0,0,0,0,0,0,0,0,0,0,0,0,0,0,0,0,0,0,0,0,0,0,0,0,0,0,0,0,0,0,0,0.0,0,0,0,0,0,0,0,0.0,0,0,1,0,0,0,0,0,0,0,0.0,0.0,0.0,0,0,0,0,0,0
Loss of function,XXc,7: 5492967-5864851 ,0,1,1,0,0,1,1,1,0,0,0,0,0,0,0,0,0.0,0,0,0,0,0,0,0,0,0,0,0,0,0,0,0,0,0,0,0,0,0,0,0,0,0,0,0,0,0,0,0,0,0,0,0,0,0,0,0,0,0,0,0,0,0,0,0,0,0.0,0,0,0,0,0,0,0,0.0,0,0,1,0,0,0,0,0,0,0,0.0,0.0,0.0,0,0,0,0,0,0
